Key,Officer,Received,Completed,Company,Address,PostalCode,City,SHO Decision,Final Decision (Director's Decision),Worker's Stated Safety Concern,Appeal Status,Number of Business Days,Number of Days to Close,Notes,DayOfWeekRCVD,DayOfWeekCompleted
1,Tom Levich,2015-01-09,2015-01-09,Piston Ring Service,660 Wall St,R3G 2T3,Winnipeg,DA,DA,Right to Refuse,,1,1,,,
2,Rob Staerk,2015-01-26,2015-01-30,Lakeview Hotel & Resorts,10 Centre St,R0C 1B0,Gimli,DA,DA,Harassment,,4,4,,,
3,Tom Levich,2015-01-30,2015-02-19,JTL Industries Ltd.,,,,No DA,No DA,"Mice, PPE, Guarding",,13,20,,,
4,Natalie Oree,2015-02-03,2015-02-18,Commissionaires,,,,No DA,DA,Right to Refuse,Director Found DA; Employer's Appeal to MLB Withdrawn,10,15,,,
5,Bill Bage,2015-02-10,2015-03-03,Jeld-Wen Windows and Doors,550 Munroe Ave,R2L 2A5,Winnipeg,No DA,No DA,Harassment,,14,21,,,
6,Tyler Chivers,2015-02-11,2015-02-12,Realcare Inc.,213 Notre Dame Ave Suite 1008,R3B 1N3,Winnipeg,No DA,DA,Harassment,Appealed - Director Found DA Based on New Informaiton,1,1,,,
7,Rob Staerk,2015-02-17,2015-02-27,St. Boniface Hospital,St Boniface General Hospital,409 Tache Ave Suite TG002B,R2H 2A6,Winnipeg,DA,Harassment,,8,10,,,
8,Bert Linfitt (w/ Bill Bage),2015-02-18,2015-02-24,Klym & Son,,,,No DA,No DA,Pay While Training,,4,6,,,
9,Tyler Chivers,2015-02-25,2015-03-02,Gauthier Chrysler Dodge Jeep Ram,,R2C 3B2,Winnipeg,No DA,No DA,Harassment,"MLB Dismissed Appeal: No Prima Facie Case, No Nexus",3,5,,,
10,Dan Steppan Steppan(w/ Rob Staerk),2015-02-26,2015-03-06,Breezy North Construction Inc.,,,Selkirk,No DA,No DA,PPE,,6,8,,,
11,Natalie Oree,2015-02-27,2015-04-10,Avant Dental Care,,,,No DA,No DA,Harassment,,34,42,,,
12,Rob Staerk,2015-02-27,2015-03-09,Little Caesar's Pizza,,,,DA,DA,pregnant worker,,6,10,,,
13,Tyler Chivers,2015-03-05,2015-03-11,University of Manitoba,403 Administration Bldg,R3T 2N2,Winnipeg,No DA,No DA,Harassment,,4,6,,,
14,Bill Bage,2015-03-17,2015-03-19,Progressive Machine & Mechanical Service Ltd,617 Washington Ave,R2K 1M4,Winnipeg,DA,DA,Harassment,,2,2,,,
15,Kelly Wiebe,2015-03-26,2015-04-10,"The Winning Combination, Inc.",,,,DA,DA,Electrical,,9,15,,,
16,Rob Staerk,2015-03-26,2015-03-27,Sun Chiropractic Centre,,,,No DA,No DA,Harassment,,1,1,,,
17,Tom Levich,2015-03-30,2015-04-20,Benito Foods,,,,No DA,No DA,Elevator,,13,21,,,
18,Bill Bage,2015-03-31,2015-04-08,Stretcher Service of Manitoba,,,,No DA,No DA,unsafe seats in vehicle,Appeal Withdrawn at MLB,4,8,,,
19,Rob Staerk,2015-04-10,2015-04-23,SAM Management Inc.,,,,No DA,No DA,"Various: Elevator Doors, Building Security and Mice","Director, MLB & CA Dismissed Appeal",9,13,,,
20,Kelly Wiebe,2015-04-20,2015-04-28,Thermal Systems,2780 24th Ave NE,T1Y 6V7,Calgary,No DA,No DA,Roof Work,,6,8,,,
21,Natalie Oree,2015-04-21,2015-04-28,"The Winning Combination, Inc.",,,,DA,DA,Electrical,,5,7,,,
22,Bill Bage,2015-04-21,2015-04-27,Melet Plastics,Melet Plastics Inc,34 De Baets St,R2J 3S9,Winnipeg,No DA,Harassment,Appeal Withdrawn at MLB,4,6,Worker decided to withdraw his DA,,
23,Tom Levich,2015-04-30,2015-06-26,McCain Foods,McCain Foods (Canada),,E7L 1B2,,Closed,Electrical,,42,57,,,
24,Tyler Chivers,2015-05-07,2015-05-20,Cityscape Residence,Cityscape Residence,4 Place du Commerce Suite 200,J4W 3B3,,No DA,Harassment,,8,13,,,
25,Kevin Moncrieffe,2015-05-28,2015-06-01,Global Pet Foods,Global Pet Foods,,,,No DA,Harassment,,2,4,,,
27,Carlos Vicente,2015-06-02,2015-06-05,Consbec Inc.,Consbec Inc.,2725 Belisle Drive,P3N 1B3,Val Caron,Closed,Confined Space,,4,3,,,
26,Dan Steppan,2015-06-02,2015-06-10,HudBay Minerals,Hudbay Minerals Inc.,Box 1600,P4N 7W7,Timmins,No DA,Harassment,,6,8,,,
28,Tom Levich,2015-06-08,2015-06-25,BBE Hydro (Inkster),,,,No DA,No DA,unsafe blasting,MLB Dismissed Appeal: BBE Met Onus that Suspension Not Influenced by Safety Concerns,13,17,,,
29,Tom Levich,2015-06-22,2015-07-23,Superb Construction Group Ltd,200 Caron Road,R4H 1B4,Headingley,No DA,No DA,Unsafe Excavation,,22,31,,,
30,Michael Boileau,2015-06-22,2015-07-23,Superb Construction Group Ltd,200 Caron Road,R4H 1B4,Headingley,No DA,No DA,Unsafe Excavation,,22,31,,,
31,Kelly Wiebe,2015-06-25,2015-07-20,Canada Drugs.com - Thorkelson Consulting Ltd.,16 Terracon Place,R2J 4G7,Winnipeg,Closed,Closed,Harassment,,18,25,,,
32,Bill Bage,2015-07-15,2015-07-23,City of Steinbach,225 Reimer Ave,R5G 2J1,Steinbach,DA,DA,Committee Duties,DA Complaint and Appeal Withdrawn; Parties Settled (included for statistical purposes),6,8,,,
33,Bill Bage,2015-07-16,2016-08-16,Epic Opportunities Inc,1644 Dublin Ave,R3H 0X5,Winnipeg,No DA,No DA,Committee Duties,,22,397,,,
34,Carlos Vicente,2015-07-20,2015-07-21,Rebirth Automotive Detailing,,,,Closed,Closed,Electrical Cords & Respirators,,2,1,,,
35,Dan Steppan,2015-07-23,2015-08-12,Walden Electric,,,,Closed,Closed,Harassment,,15,20,,,
36,Carlos Vicente,2015-07-24,2015-08-17,Mid Canada Millwork Ltd,78 PTH 52 W,R5G 1X8,Steinbach,No DA,No DA,Joke About Calling WSH,,15,24,,,
37,Rob Staerk,2015-08-26,2015-09-15,L Chabot Enterprises Ltd.,25002 Hazelridge Road,,Oak Bank,No DA,No DA,Harassment,Appealed - Director Confirmed No DA,13,20,,,
38,Tyler Chivers,2015-08-26,2015-09-14,Bethesda Hospital Southern Health,,,,No DA,No DA,Ergonomics,,12,19,,,
39,Michael Boileau,2015-09-03,2015-09-17,Gravier Collet Gravel,Gravier Collet Gravel Inc,,R0G 1M0,Notre Dame De Lourde,No DA,Working with Truck Tires,,9,14,,,
40,Kelly Wiebe,2015-09-08,2015-09-25,James Minsky Trucking,James Minsky Trucking,370 Transport Road,,Winnipeg,No DA,Dump Truck,Both Eee and Eer Appealed to Director and MLB: Director Found DA; MLB Found No DA As Employer Met Onus,13,17,,,
41,Kevin Moncrieffe,2015-09-30,2015-10-05,Montana's Cookhouse Saloon,Montana's Cookhouse Saloon,665 Empress St,R3G 3P7,Winnipeg,No DA,Harassment,Appealed to Director ,3,5,,,
42,Carlos Vicente,2015-10-06,2015-11-05,Convey-All Industries Inc.,Convey-All Industries Inc,130 Canada St,,Winkler,No DA,"crane, ventilation, wiring, etc.",,21,30,,,
43,Dave Parr,2015-10-07,2015-10-16,Koch Fertilizer,Koch Fertilizer Canada Ltd,1400 17th St E,R7A 7C4,Brandon,No DA,worker co-chair duties,,6,9,,,
44,Tyler Chivers,2015-10-14,2015-10-15,Rondor Excavations,Rondor Excavations,956 Redonda Cres,R3V 1E1,Winnipeg,No DA,Harassment,,1,1,,,
45,Dave Parr,2015-10-22,2015-10-30,Virden Meter Services,Virden Meter Services Ltd,,,,No DA,Harassment,,6,8,,,
46,Michael Boileau,2015-10-23,2015-10-30,West Bend Mechanical,,,,No DA,No DA,lighting,,5,7,,,
47,Kelly Wiebe,2015-11-02,2015-11-05,Simply Connected Ltd.,South East Drive Suite 38,R0E 1S0,Richer,No DA,No DA,fall protection,,3,3,,,
48,Dan Steppan,2015-11-04,2015-12-03,Canadian Tire,131 PTH 12 N,R5G 1T5,Steinbach,DA,DA,PPE,,20,29,,,
49,Bill Bage,2015-11-04,2015-11-25,Edison Properties,401 10 Fort St,R3C 1C4,Winnipeg,No DA,No DA,Mould,,14,21,,,
50,Kevin Moncrieffe,2015-11-04,2015-11-10,Winnipeg Inner City Missions,,,,No DA,No DA,Working Alone,Appealed - Referred to MLB: Parties settled - appeal withdrawn,4,6,,,
51,Tyler Chivers,2015-11-05,2016-01-04,Gymboree,1225 St Marys Road,R2M 5E5,Winnipeg,No DA,No DA,WCB,,38,60,,,
52,Dave Parr,2015-11-05,2015-11-06,Overland Waste and Recycling Ltd,620 A Richmond Ave E,R7A 7G8,Brandon,No DA,No DA,Violence,,1,1,,,
53,Rob Staerk,2015-11-09,2015-11-24,Modern Taco (McWilliams),,,,DA,DA,Harassment,Appealed - Parties Settled at MLB,10,15,,,
54,Michael Boileau,2015-11-17,2015-12-02,Life Benefit Solutions,,,,No DA,No DA,Harassment,,11,15,,,
56,Kelly Wiebe,2015-11-18,2015-11-23,M C College,,,,No DA,No DA,Harassment,,3,5,,,
55,Carlos Vicente,2015-11-18,2015-11-30,Charlson's Turkey Hatchery,,,,Closed,Closed,Harassment,,9,12,,,
58,Tom Levich,2015-11-23,2015-12-03,Brandon Eavestroughing,37 Elviss Cres,R7B 2K8,Brandon,No DA,No DA,,,8,10,,,
57,Rob Staerk,2015-11-23,2015-12-21,RM of Macdonald,,,,No DA,No DA,firefighter,Appeal to MLB Withdrawn,20,28,,,
59,Kevin Moncrieffe,2015-11-26,2016-12-01,Modern Taco (Wowk),,,,No DA,No DA,Harassment,Appeal to Director Withdrawn,3,371,,,
60,Kevin Moncrieffe,2015-11-27,2015-12-02,Sunrise School Division 189,851 Cedar Ave,R0E 1J0,Oak Bank,Closed,Closed,office relocation,,4,5,,,
63,Kelly Wiebe,2015-12-01,2015-12-07,Lockport Inn Hotel,,,,No DA,No DA,Harassment,,4,6,,,
61,Bill Bage,2015-12-01,2016-01-13,Sunrise School Division (Smith),,,,No DA,No DA,,,28,43,,,
62,Michael Boileau,2015-12-01,2015-12-18,Converimax,,,,DA,DA,Harassment,Appealed - Parties Settled at MLB,13,17,Employee signed release with employer,,
64,Carlos Vicente,2015-12-10,2016-02-11,Macdonald Youth Services,175 Mayfair Ave,R3L 0A1,Winnipeg,No DA,No DA,Violence,,42,63,,,
65,Kelly Wiebe,2015-12-15,2015-12-15,Bulldog Demolition and Excavation Inc,,,,Closed,Closed,Asbestos,,1,1,,,
66,Tyler Chivers,2015-12-18,2015-12-23,Mount Carmel Clinic Corp,886 Main St,R2W 5L4,Winnipeg,No DA,No DA,Ventilation,,3,5,,,
67,Rob Staerk,2015-12-21,2016-02-09,Manitoba Hydro,360 Portage Avenue Ave,R3C 2P4,Winnipeg,No DA,No DA,Unlicensed Electrical Work,Appealed - Director Confirmed No DA; Appealed to MLB,33,50,,,
69,Bill Bage,2016-01-04,2016-01-15,Petland,1910 Pembina Hwy Suite 24,R3T 4S5,Winnipeg,DA,No DA,,Appealed - Director Found No DA,9,11,,,
68,Dan Steppan,2016-01-04,2016-01-26,BBE Hydro (Rosenkrantz),,,,No DA,Closed,2 hours lost pay,Appealed - Director Found DA - MLB Dismissed Appeal,16,22,,,
70,Rob Staerk,2016-01-13,2016-01-18,Tache Community Day Care Inc.,480 Senez St,R0A 0Y0,Lorette,No DA,No DA,violent child,,3,5,,,
71,Tom Levich,2016-01-18,2016-02-02,Prairie Mountain Health - Swan Valley Hospital - Yablonski,,,,DA,DA,pay for committee work,,11,15,,,
72,Tom Levich,2016-01-18,2016-02-02,Prairie Mountain Health - Swan Valley Lodge,,,,DA,DA,pay for committee work,,11,15,,,
73,Tom Levich,2016-01-18,2016-02-02,Prairie Mountain Health - Tiger Hills Health Centre - Smith,,,,DA,DA,pay for committee work,,11,15,,,
74,Tyler Chivers,2016-01-29,2016-03-16,RM of East St. Paul,,,,No DA,No DA,Firefighter,Director Dismissed Appeal; MLB Dismissed Appeal due to non-attendance of Appellant,32,47,,,
77,Bill Bage,2016-02-01,2016-02-10,Fat Panda,60 Paramount Road,R2X 2W3,Winnipeg,No DA,No DA,Harassment,,7,9,,,
75,Dan Steppan,2016-02-01,2016-02-03,BBE Hydro (Harrison),,,,Closed,Closed,Elevated Work Platforms,,3,2,,,
76,Carlos Vicente,2016-02-01,2016-02-04,Stars Air Ambulance,,,,Closed,Closed,Right to Refuse,,4,3,,,
78,Rob Staerk,2016-02-02,2016-02-09,Northern Meats,,,,No DA,No DA,Harassment,,5,7,,,
79,Tyler Chivers,2016-02-03,2016-02-04,Nick's Inn,,,,Closed,Closed,Violence,,2,1,,,
80,Bill Bage,2016-02-08,2016-05-04,Allmar Distributors Ltd,287 Riverton Ave,R2L 0N2,Winnipeg,No DA,No DA,Harassment,,59,86,,,
81,Tyler Chivers,2016-02-09,2016-03-04,Steinbach Credit Union,2100 McGillivray Blvd,R3Y 1X2,Winnipeg,DA,DA,Committee Duties,,17,24,,,
82,Carlos Vicente,2016-02-16,2016-03-09,Wildflower Hair & Day Spa,,,,Closed,Closed,Harassment,,17,22,,,
83,Rob Staerk,2016-02-19,2016-05-06,Pizza Hotline / Cafe 22,336 Broadway,R3C 4W3,Winnipeg,No DA,No DA,Harassment,,53,77,,,
84,Carlos Vicente,2016-03-01,2016-03-09,El Dad Ranch / Aim for Work,,,,No DA,No DA,Right to Refuse,,6,8,,,
85,Dave Parr,2016-03-02,2016-04-06,Brightscape Endeavours Ltd,,,,No DA,No DA,Violence,,23,35,,,
86,Rob Staerk,2016-03-03,2016-03-18,Hi-Tech Energy Windows,1675 Inkster Blvd,R2X 2W7,Winnipeg,No DA,No DA,air quality,,11,15,,,
88,Dan Steppan,2016-03-04,2016-03-18,Vale,,R8N 1P3,Thompson,DA,DA,Committee Duties,,10,14,,,
87,Tyler Chivers,2016-03-04,2016-03-30,New Flyer Industries Limited,711 Kernaghan Ave,R2C 3T4,Winnipeg,No DA,No DA,Right to Refuse,Appealed - Director Found No DA; Appealed to MLB; Parties settled at MLB / appeal withdrawn,16,26,,,
89,Carlos Vicente,2016-03-07,2016-04-11,Children's Dental World,,,,Closed,Closed,Harassment,,26,35,,,
90,Rob Staerk,2016-03-11,2016-05-18,Native Women's Transition Centre,105 Aikins St,R2W 4E6,Winnipeg,DA,DA,Harassment,Appealed - Referred to MLB; parties settled at MLB,46,68,,,
91,Dave Parr,2016-03-11,2016-04-20,Southquill Gaming Centre,SE20-17-18W,R0J 0P0,Erickson,No DA,No DA,Violence,,26,40,,,
93,Tyler Chivers,2016-03-14,2016-03-29,Sobeys,2100 Saskatchewan Ave W,R1N 0P3,Portage La Prairie,No DA,No DA,Committee Duties,,9,15,,,
92,Bill Bage,2016-03-14,2016-03-23,Capitol Steel Corporation,1355 Saskatchewan Ave,R3H 0Z4,Winnipeg,Closed,Closed,PPE,,8,9,,,
94,Bill Bage,2016-03-22,2016-03-22,Direct Distribution Centre,55 Rothwell Road,R3P 2M5,Winnipeg,Closed,Closed,Harassment,,1,1,,,
95,Tyler Chivers,2016-03-22,2016-04-21,Main Street Project Inc.,75 Martha St,R3B 1A4,Winnipeg,No DA,No DA,Harassment,,20,30,,,
96,Rob Staerk,2016-03-23,2016-03-24,Dunn-Rite Foods ,,,,No DA,No DA,PPE,,1,1,,,
97,Carlos Vicente,2016-03-29,2016-04-22,Janzen Builders (1963) Holdings Limited,,R0G 2X0,Winkler,No DA,No DA,Harassment,,18,24,,,
98,Tyler Chivers,2016-04-11,2016-05-03,Blue Star Distribution,,,,DA,DA,Electrical,,16,22,,,
99,Bill Bage,2016-04-12,2016-07-18,Manitoba Occupational Health Nurses Interest Group,287 Broadway Ave Suite 300,R3C 0P9,Winnipeg,Closed,Closed,Committee Duties,,70,97,,,
100,Carlos Vicente,2016-04-15,2016-05-04,Black & McDonald,,,,No DA,No DA,Electrical,,13,19,,,
101,Carlos Vicente,2016-05-09,2016-05-17,Awasis Agency of Northern Manitoba,,,,Closed,Closed,,,7,8,,,
102,Carlos Vicente,2016-05-17,2016-05-20,La Broquerie Hotel,3 Des Pigeons St,R0A 0W0,La Broquerie,Closed,Closed,serving alcohol,,4,3,,,
103,Tyler Chivers,2016-05-17,2016-06-14,Drake Medox Health Services Inc,2025 Corydon Ave Suite 218,R3P 0N5,Winnipeg,DA,DA,Client Safety Plan,Appealed - Director Found No DA; Appealed to MLB,19,28,,,
104,Carlos Vicente,2016-06-07,2016-06-20,The Keg Steakhouse & Bar,,,,Closed,Closed,grease trap,,10,13,,,
105,Rob Staerk,2016-06-07,2016-08-30,BBE Hydro re: Rosenkranz #2,,,,No DA,No DA,Radio On Bulldozer,Appealed - Referred to MLB; MLB dismissed appeal: serious delay / no prima facie DA,59,84,,,
106,Rob Staerk,2016-06-09,2016-09-22,BBE Hydro re: MacDonald,,,,No DA,No DA,Harassment,,74,105,,,
107,Bill Bage,2016-06-09,2016-06-22,Elmer's Manufacturing,,,,No DA,No DA,Harassment,,9,13,,,
108,Tyler Chivers,2016-06-10,2016-07-05,Ma Mawi-Wi-Chi-Itata Centre Inc,445 King St,R2W 2C5,Winnipeg,DA,DA,working alone,,16,25,,,
109,Carlos Vicente,2016-06-14,2016-07-13,Canadian Children's Program,,,,No DA,No DA,Harassment,,20,29,,,
110,Bill Bage,2016-06-14,2016-06-30,Pakmark Ltd,199 Omands Creek Blvd Suite 8 8,R2R 1V9,Winnipeg,No DA,No DA,guarding,,12,16,,,
111,Rob Staerk,2016-06-15,2016-08-26,Laura Secord Community Childcare,,,,No DA,No DA,Harassment,,52,72,,,
112,Tyler Chivers,2016-06-16,2016-06-23,E G Penner Building Centres Ltd,200 Park Road W,R5G 1A1,Steinbach,No DA,No DA,Harassment,,5,7,,,
113,Carlos Vicente,2016-06-17,2016-08-22,Belvidere Construction (2016) Ltd,3000 Saskatchewan Ave,R2Y 3A1,Winnipeg,Closed,Closed,shoring ,,47,66,Does Not meet DA Requirement,,
114,Tyler Chivers,2016-06-21,2016-06-23,Meridian Plumbing & Heating,,,,No DA,No DA,"Harassment, drugs on site",,2,2,,,
115,Rob Staerk,2016-06-27,2016-12-10,BBE Hydro re: Frail,,,,Closed,Closed,Right to Refuse,,120,166,,,
116,Rob Staerk,2016-06-28,2016-08-30,BBE Hydro re: Rosenkranz #3,,,,No DA,No DA,Bulldozer Operations,Appealed - Referred to MLB; MLB dismissed appeal: serious delay / no prima facie DA,45,63,,,
117,Andrea Hohne,2016-06-28,2016-07-22,Huggy's Restaurant,,,,No DA,No DA,Harassment & food safety,Appealed - Parties Settled at MLB,17,24,,,
118,Carlos Vicente,2016-07-04,2016-07-08,Enterprise Rent-A-Car,1380 Waverley St,R3T 0P5,Winnipeg,No DA,No DA,Harassment,,4,4,,,
119,Bill Bage,2016-07-05,2016-07-18,Rehau Industries Inc,11 Plymouth St Suite 150 Unit 150,R2X 2V5,Winnipeg,No DA,No DA,"No Sprinklers, Unsafe Lifting",,9,13,,,
120,Tyler Chivers,2016-07-07,2016-09-19,Covert Logistics,,,,Closed,Closed,Shift Work,,53,74,,,
121,Dave Parr,2016-07-13,2016-08-17,R.O.S.E. Inc.,633 Central,,Ste Rose Du Lac,No DA,No DA,Harassment,,24,35,,,
122,Deb Sealey,2016-07-14,2016-12-13,WRHA Crisis Stabilization Unit,,,,No DA,No DA,Harassment,Appealed - Referred to MLB,104,152,,,
123,Rob Staerk,2016-07-29,2016-08-18,Bob-Bee Ventures,,,,Closed,Closed,Smoking,,15,20,,,
124,Bill Bage,2016-08-02,2016-08-23,Salisbury House Of Canada,787 Leila Ave Suite 212,R2V 3J7,Winnipeg,Closed,Closed,Harassment,,16,21,,,
125,Carmen Barros,2016-08-03,2017-04-25,Drake Medox Health Services Inc,2025 Corydon Ave Suite 218,R3P 0N5,Winnipeg,No DA,DA,Contacting WSH,Appealed - Referred to MLB - Overturned,190,265,,,
126,Carlos Vicente,2016-08-08,2016-09-26,Concord Projects Ltd,1277 Henderson Hwy Suite 200 200,R2G 1M3,Winnipeg,Closed,Closed,Harassment,,36,49,,,
127,Tyler Chivers,2016-08-09,2016-08-24,WRHA - HSC,,,,Closed,Closed,Harassment,,12,15,,,
128,Bill Bage,2016-08-11,2016-09-12,Urban Circle Training Centre,519 Selkirk Ave,R2W 2M6,Winnipeg,No DA,No DA,Harassment,,21,32,,,
129,Bill Bage,2016-08-16,2016-08-26,Popeye's Movers,595 River Ave Suite 1009,R3L 0E6,Winnipeg,Closed,Closed,Harassment,,9,10,,,
130,Carlos Vicente,2016-08-17,2016-08-22,Maple Leaf Drilling Ltd.,2024 Springfield Road,R2C 2Z2,Winnipeg,Closed,Closed,"Harassment, Safety meetings",,4,5,,,
131,Bill Bage,2016-08-19,2016-11-22,Sodexo (Keeyask),,,,Closed,Closed,Harassment,,68,95,,,
132,Carmen Barros,2016-08-24,2016-09-12,Nova Montessori Preschool,,,,No DA,No DA,Harassment,,12,19,,,
133,Tyler Chivers,2016-08-30,2016-09-13,Southeast Collegiate,1301 Lee Bay,R3T 5W8,Winnipeg,No DA,No DA,Violence,,9,14,,,
134,Carmen Barros,2016-09-02,2016-09-22,Smashers Demolition,,,,No DA,No DA,Harassment,,2,20,,,
135,Rob Staerk,2016-09-06,2016-09-23,KBL Transport,,,,DA,DA,Right to Refuse,,13,17,,,
136,Carmen Barros,2016-09-08,2016-09-12,Chicken Chef,1900 Saskatchewan Ave,R2H 0T2,Portage La Prairie,Closed,Closed,Harassment,,3,4,,,
137,Tyler Chivers,2016-09-08,2016-10-07,Royal Canadian Legion #4,,,,No DA,No DA,Harassment,,21,29,,,
138,Andrea Hohne,2016-09-09,2016-09-26,McCain Foods (Canada),,E7L 1B2,,DA,Closed,Right to Refuse,Appealed - Referred to MLB; parties settled at MLB,11,17,,,
139,Rob Staerk,2016-09-14,2016-11-28,Reaching Equality Employment Services,,,,Closed,Closed,Harassment,,54,75,,,
140,Carlos Vicente,2016-09-19,2016-10-04,North American Constructors,,,,No DA,No DA,Harassment,,11,15,,,
141,Dan Steppan,2016-09-23,2016-11-09,Aseneskak Casino,Hwy #10 N,R0B 2J0,Opaskwayak,Closed,Closed,Unsafely Transporting Passengers,,34,47,,,
142,Rob Staerk,2016-09-23,2016-10-24,Southside Electric Ltd,4800 Dugald Road,R2C 5J9,Springfield,No DA,No DA,"Toilets, Access Ramps, Vehicles",,20,31,,,
143,Carlos Vicente,2016-09-26,2016-10-27,Nelson River Construction Inc,101 Dawson Road,R2J 0S6,Winnipeg,No DA,No DA,Right to Refuse,,22,31,,,
144,Dan Steppan,2016-09-27,2016-11-09,Smook Fuels Ltd,102 1st St W,R0A 2K0,Vita,Closed,Closed,Harassment,,32,43,,,
145,Tyler Chivers,2016-09-30,2016-10-19,International Brotherhood of Electrical Workers (IBEW) Local 2034,1563 Pembina Hwy,R3T 2E5,Winnipeg,Closed,Closed,Harassment,,14,19,,,
146,Dan Steppan,2016-09-30,2016-10-11,Sodexo (Keeyask),,,,Closed,Closed,Harassment,,8,11,,,
147,Carmen Barros,2016-10-12,2016-11-14,Goodlife Fitness,143 Nature Park Way,R3P 0Y6,Winnipeg,Closed,Closed,Harassment,,24,33,,,
148,Dan Steppan,2016-10-12,2016-11-14,Alex MacIntyre & Associates Ltd.,,,,No DA,No DA,Harassment,,22,33,,,
149,Tyler Chivers,2016-10-12,2016-10-28,Palliser Furniture Ltd,55 Furniture Park,R2G 1B9,Winnipeg,No DA,No DA,Harassment,,12,16,,,
150,Tyler Chivers,2016-10-20,2016-11-23,Hemp Oil Canada Inc.,225 Pembina Trail,R0G 1Y0,Ste Agathe,Closed,Closed,Harassment,,25,34,,,
151,Dave Parr,2016-10-26,2016-11-25,Southwest Community Options Inc,,R0K 1P0,Ninette,No DA,No DA,Harassment,,21,30,,,
153,Rob Staerk,2016-10-28,2016-11-30,Golden Door Geriatric Centre,1679 Pembina Hwy,R3T 2G6,Winnipeg,Closed,Closed,Kitchen Oven,,24,33,,,
152,Dan Steppan,2016-10-28,2016-11-09,Flin Flon Construction Inc,,,,Closed,Closed,Harassment,,9,12,,,
154,Bill Bage,2016-11-09,2016-11-14,Paragon Envirocycle,,,,Closed,Closed,WCB,,4,5,,,
155,Chris Beaudry,2016-11-18,2016-11-30,Champion Iron Works - 206,,,,No DA,No DA,welding,,8,12,,,
156,Carmen Barros,2016-11-21,2016-12-01,Pulford Community Living Services Inc,1146 Waverley St Suite 5,R3T 0P4,Winnipeg,Closed,Closed,Chemicals and Dust,,9,10,,,
157,Bill Bage,2016-11-22,2017-01-16,DASCH Inc,117 Victor Lewis Drive,R3P 1J6,Winnipeg,No DA,No DA,Violence,,36,55,,,
158,Tyler Chivers,2016-11-28,2017-01-19,Eyaa-Keen Healing Centre Inc.,,,,No DA,No DA,Harassment,Appealed - Referred to MLB,35,52,,,
159,Trent Thompson,2016-11-28,2016-12-19,"New Directions for Children, Youth, Adults & Families Inc",491 Portage Ave Suite 400,R3B 2E4,Winnipeg,No DA,No DA,WCB,,15,21,,,
160,Carmen Barros,2016-12-05,2016-12-19,DMT Development Systems Group,,,,DA,DA,Working Alone,Appealed to Director; Parties Settled,10,14,,,
161,Bill Bage,2016-12-07,2017-01-04,Joey's Restaurant,,,,Closed,Closed,Training,,21,28,,,
162,Trent Thompson,2016-12-08,2016-12-19,The Salvation Army,55 Donald St Suite 500,R3C 1L8,Winnipeg,No DA,No DA,Harassment,,8,11,,,
163,Andrea Hohne,2016-12-13,2017-01-05,Brandon Husky Travel Centre,1900 18th St,R7C 1A3,Brandon,No DA,No DA,Gas Stove,,14,23,,,
164,Carmen Barros,2016-12-13,2016-12-21,Celco Controls Ltd,1260 Border St,R3H 0M6,Winnipeg,No DA,No DA,PPE,,6,8,,,
165,Tyler Chivers,2016-12-15,2016-12-21,Taco Time Portage place,393 Portage Ave Suite 166,R0G 1N0,Winnipeg,Closed,Closed,Harassment,,5,6,,,
166,Trent Thompson,2016-12-15,2017-01-03,Part Source #728,336 Courtland Ave,L4K 4Y1,Vaughan,DA,DA,Right to Refuse,,10,19,,,
167,Bill Bage,2016-12-19,2017-01-27,Diamond D Auto Sales,,,,No DA,No DA,Violence,Appealed - Referred to MLB,26,39,,,
168,Carlos Vicente,2017-01-03,2017-01-06,Bluestar Distribution Inc.,55187 Talbot Line,N5H 2R3,Aylmer,Closed,Closed,Violence,,4,3,,,
169,Chris Beaudry,2017-01-05,2017-01-16,Federated Cooperatives,,,,DA ,DA,Propane Tanks,,8,11,,,
170,Tom Levich,2017-01-13,2017-01-24,Oracle Business Maintenance,,,,No DA,No DA,PPE,,8,11,,,
171,Carlos Vicente,2017-01-16,2017-02-07,Marathon Drilling Company Ltd,6847 Hiram Drive,K4P 1A2,Greely,No DA,No DA,Crane  ,,17,22,,,
172,Larry Stevenson,2017-01-19,2017-01-27,Duha Color Services Limited,750 Bradford St,R3H 0N3,Winnipeg,No DA,No DA,Respirator,,7,8,,,
173,Andrea Hohne,2017-02-02,2017-02-15,I Marketing Solutions,,,,No DA,No DA,Harassment,,10,13,,,
174,Larry Stevenson,2017-02-03,2017-02-13,Gillis Quarries Limited,,R0E 0R0,Garson,No DA,No DA,Harassment,Appealed - Referred to MLB,7,10,,,
175,Tom Levich ,2017-02-06,2017-03-27,RM of Prairie Lakes (Public Workshop),3rd St,R0K 0C0,Belmont,No DA,No DA,PME,,36,49,,,
176,Chris Beaudry,2017-02-08,2017-03-03,Prarie Green Landfill - Progressive Waste Solutions,375 Oak Point Hwy,,Winnipeg,No DA,No DA,Truck Repairs,Appealed - Director found DA,18,23,,,
177,Dan Steppan,2017-02-13,2018-03-02,ASH Management,233 Portage Ave Suite 100,R3B 2A7,Winnipeg,Closed,Closed ,Harassment,,275,382,,,
178,Carmen Barros,2017-02-13,2017-03-06,Hi Tech Hydraulics Inc,2309 Logan Ave,R2R 2S7,Winnipeg,Closed,Closed,Harassment & Air Quality,,16,21,,,
179,Larry Stevenson,2017-02-13,2017-02-14,Salisbury House Of Canada,787 Leila Ave Suite 212,R2V 3J7,Winnipeg,No DA,No DA,Harassment,,2,1,,,
181,Larry Stevenson,2017-02-16,2017-03-07,Sport Chek,824 41st Ave NE,T2E 3R3,Calgary,No DA,DA,Violence,Appealed - Referred to MLB - Overturned,14,19,,,
180,Larry Stevenson,2017-02-16,2017-03-15,McPhillips Nissan,,,,No DA,No DA,Harassment / Violence,,20,27,,,
182,Carmen Barros,2017-03-02,2017-03-16,Security Glass Ltd,791 Erin St,R3G 2W2,Winnipeg,Closed,Closed,Near Miss / Insecure Load,,11,14,,,
183,Chris Beaudry,2017-03-07,2017-05-03,Sysco Foods,,,,DA,DA,Warehouse Stacking / MSI,,42,57,,,
184,Tom Levich,2017-03-10,2017-05-19,Prairie Mountain Health (Russell Home Care),,,,Closed,Closed,Harassment,,51,70,,,
185,Chris Beaudry,2017-03-16,2017-03-27,Decor Cabinets Ltd,200 Route 100,R6M 1B8,Morden,No DA,No DA,Harassment,,8,11,,,
186,Larry Stevenson,2017-03-16,2017-04-12,Marathon Drilling Company Ltd,6847 Hiram Drive,K4P 1A2,Greely,No DA,No DA,"Wages, Trip Hazards, LOTO",Appealed - Referred to MLB,20,27,,,
187,Tyler Chivers,2017-03-17,2017-03-22,Santa Lucia Pizza,1029 Waterford Ave,R3T 1H1,Winnipeg,No DA,No DA,Violence,,4,5,,,
188,Trent Thompson,2017-03-24,2017-03-30,Paramount Services Ltd,1975 Logan Ave,R3E 2Y6,Winnipeg,DA,DA,"Working alone, ladders",,5,6,,,
189,Trent Thompson,2017-03-27,2017-05-17,Scoop N' Weigh Fine Ingredients,,,,DA,Closed,Harassment,Appealed - Referred to MLB - Parties Settled,38,51,,,
190,Larry Stevenson,2017-03-30,2017-04-10,Marymound Inc,442 Scotia St,R2V 1X4,Winnipeg,No DA,No DA,Harassment,,8,11,,,
191,Andrea Hohne,2017-03-31,2017-04-26,Kim's Company of Friends,,,,Closed,Closed,Lack of Food at Client Home,,19,26,,,
192,Chris Beaudry,2017-04-04,2017-04-13,Lawson Consulting & Surveying Ltd,,,,No DA,No DA,Right to Refuse,,8,9,,,
193,Trent Thompson,2017-04-07,2017-06-22,St Boniface General Hospital,409 Tache Ave Suite TG002B,R2H 2A6,Winnipeg,No DA,No DA,Harassment,,55,76,,,
194,Larry Stevenson,2017-04-18,2017-05-05,GB Stone,,,,Closed,Closed,Masonry Saw,,14,17,,,
195,Carmen Barros,2017-04-20,2017-04-28,Bayview Construction Ltd,4154 McGillivray Blvd,,Winnipeg,No DA,No DA,Contacting WSH,,7,8,,,
196,Chris Beaudry,2017-04-21,2017-05-29,River East Transcona School Division,589 Roch St,R2K 2P7,Winnipeg,DA,DA,Contacting WSH,Appealed - Referred to MLB,27,38,,,
197,Tyler Chivers,2017-04-24,2017-05-05,ABCO Supply + Service Ltd - 590,,,,No DA,No DA,Contacting WSH,Appealed - Referred to MLB,10,11,,,
198,Larry Stevenson,2017-04-26,2017-05-05,Universal Drug Store,,,,Closed,Closed,"Committee, Air Quality, Housekeeping",,8,9,,,
199,Bill Bage,2017-05-01,2017-05-09,Bruce Jensen Contracting Ltd.,99 B Bartley Road,R0E 1R0,Rennie,No DA,No DA,Drinking on Construction Site,,7,8,,,
200,Deb Sealey,2017-05-05,2017-07-19,Molly Maid,,,,Closed,Closed,Harassment,,51,75,,,
201,Chris Beaudry,2017-05-16,2017-05-25,Dynasty Bath and Kitchen Centre ,,,,No DA,No DA,Harassment,,8,9,,,
203,Larry Stevenson,2017-05-23,2017-07-17,Stony Mountain Hotel and Bar,,,,No DA,No DA,Contacting WSH,,40,55,,,
202,Bill Bage,2017-05-23,2017-05-31,Ashern Pharmacy (Tim Horton's),,,,Closed,Closed,Sanitizer,,7,8,,,
204,Tyler Chivers,2017-05-29,2017-06-14,Bee-Clean Building Maintenance,375 Nairn Ave,R2L 0W8,Winnipeg,Closed,Closed,Harassment,,13,16,,,
205,Trent Thompson,2017-05-29,2017-06-23,R W Stucco,4 James St,R8N 1J3,Thompson,Closed,Closed,Harassment,,20,25,,,
206,Carmen Barros,2017-05-30,2017-10-26,River East Transcona School Division,589 Roch St,R2K 2P7,Winnipeg,No DA,No DA,"Parking lot, transit garage, harassment",,108,149,,,
207,Tom Levich,2017-06-14,2017-06-26,Maple Leaf Consumer Foods Inc,6895 Financial Drive,L5N 0A1,Mississauga,No DA,No DA,Bio-hazard,,9,12,,,
208,Bill Bage,2017-06-21,2017-07-27,Active Personnel,,,,No DA,No DA,Contacting WSH,,27,36,,,
209,Tom Levich,2017-06-22,2017-07-12,Kliever Livestock,,,,No DA,No DA,"Harassment, cattle gate",,15,20,,,
210,Deb Sealey,2017-07-05,2017-07-19,Opportunities For Employment Inc,"3rd floor, 294 Portage Ave St",R3C 0B9,Winnipeg,Closed,Closed,,,11,14,,,
211,Larry Stevenson,2017-07-07,2017-07-27,Bison Janitorial Services Ltd,,,,No DA,No DA,,,15,20,,,
212,Chris Beaudry,2017-07-10,2017-07-25,Manitoba Metis Federation - The Pas Region,456 Fisher Ave,R9A 1M2,The Pas,DA,No DA,Harassment,Appealed at Director Level and MLB and Affirmed,12,15,,,
213,Carmen Barros,2017-07-14,2017-08-10,Traffic Safety Solutions,,,,No DA,No DA,Vehicle Maintenance,Appealed to the Director and to MLB - Withdrawn,20,27,,,
214,Larry Stevenson,2017-08-03,2017-08-16,Lawson Consulting & Surveying Ltd,,,,No DA,No DA,Right to Refuse,Appealed to the Director and MLB - Withdrawn,10,13,,,
215,Carmen Barros,2017-08-09,2017-08-18,Home Depot Of Canada Inc,1999 Bishop Grandin Blvd,R2M 5S1,Winnipeg,Closed,Closed,Harassment,,8,9,"(Mar 9, 2021)No Information Provided to SHO Multiple Requests",,
216,Bill Bage,2017-08-10,2017-09-12,Chicken Chef,1900 Saskatchewan Ave,R0G 0B0,Portage La Prairie,No DA,No DA,Harassment,Referred to MLB,24,33,,,
217,Carmen Barros,2017-08-11,2017-10-03,Town of Lac Du Bonnet,84 2nd St,R0E 1A0,Lac Du Bonnet,Closed,Closed,Harassment,,38,53,,,
218,Trent Thompson,2017-08-21,2017-11-24,Dream Day Décor and Specialty Linens,,,,Closed,Closed,"Harassment, Taking Medical Leave",,70,95,,,
219,Chris Beaudry,2017-08-21,2017-08-29,WRHA - Home Care,,,,No DA,No DA,Right to Refuse,,7,8,,,
220,Trent Thompson,2017-08-29,2017-10-03,Dufresne Furniture Swan River Store,116 Nature Park Way,R3P 0X8,Winnipeg,DA,DA,Loading Docks,,26,35,,,
221,Dan Steppan,2017-09-20,2017-09-21,Gillam D-Lite,,,,Closed,No DA,Right to Refuse,,2,1,,,
222,Chris Beaudry,2017-09-21,2017-09-29,MacDon Industries Ltd,680 Moray St,R3J 3S3,Winnipeg,DA,DA,Raising Safety Issues,,7,8,,,
223,Larry Stevenson,2017-10-02,2017-10-31,Subway (Portage Avenue),,,,No DA,No DA,Harassment,,22,29,,,
224,Trent Thompson,2017-10-18,2017-10-30,Topigs Norsvin Canada Inc.,,,,DA,DA,Harassment,,9,12,,,
225,Larry Stevenson ,2017-11-01,2017-12-21,R.M. of Lac du Bonnet,,R0E 1A0,Lac Du Bonnet,DA,No DA,Lack of Safety Procedure,,37,50,,,
226,Tom Levich,2017-11-02,2017-12-04,Brandon Bus Lines,,,,DA,DA,Safety Concern,Appealed at Director Level and Affirmed,23,32,,,
227,Tom Levich,2017-11-02,2017-11-06,Brandon Bus Lines,,,,No DA,No DA ,Ergonomics,Appealed at Director Level and Affirmed,3,4,,,
228,Trent Thompson,2017-11-20,2018-01-08,Penn-Co Construction Canada (2003) Ltd,,,Blumenort,No DA,No DA,Right to Refuse,,36,49,,,
229,Larry Stevenson ,2017-11-22,2017-12-29,Mc William Auto,,,,DA,DA,Safety Concern,,28,37,,,
230,Larry Stevenson ,2017-12-06,2018-01-05,DL Construction Ltd,431 Boyd Ave,R2W 1P5,Winnipeg,No DA,No DA,Safety Concern,Appealed at Director Level and Affirmed,23,30,,,
231,Trent Thompson,2017-12-06,2018-01-15,Red River Messenger/Courier Inc,,,,No DA,No DA,Safety Concern - Vehicle,,29,40,,,
232,Larry Stevenson,2017-12-11,2018-01-02,Breathe Easy Eco Solutions,,,,No DA,No DA,Safety Concern,,17,22,,,
233,Chris Beaudry,2017-12-11,2018-01-22,Forbes Brothers,,,,No DA,No DA,Safety Concern,,31,42,,,
234,Trent Thompson,2017-12-14,2018-01-12,Cleanair Filter Service,855 Century St,R3H 0M3,Winnipeg,Closed,Closed,Safety Concern,,22,29,,,
235,Carmen Barros ,2017-12-18,2018-01-23,Dasher Courier,,,,No DA,No DA,Harassment,Appealed at Director Level and Affirmed,27,36,,,
236,Deb Sealey,2018-01-24,2018-01-26,Accurate Fire & Safety,,,,No DA,No DA,Right to Refuse,,3,2,,,
237,Larry Stevenson,2018-01-25,2018-01-30,McDonalds - Notre Dame ,,,,No DA,No Da,Harassment ,,4,5,,,
238,Carmen Barros,2018-02-01,2018-02-08,Bouy Basements,,,,Closed,Closed,Right to Refuse,,6,7,,,
239,Carmen Barros,2018-02-01,2018-02-08,Bouy Basements,,,,DA,No DA,Complaint,,6,7,,,
240,Chris Beaudry ,2018-02-05,2018-02-15,Westfield Industries,1301 Kenaston Blvd,R3P 2P2,Winnipeg,No DA,No DA,Harassment,,9,10,,,
241,Larry Stevenson,2018-02-07,2018-02-28,University of Manitoba,403 Administration Bldg,R3T 2N2,Winnipeg,No DA,No DA,Safety Issues,,16,21,,,
242,Chris Beaudry,2018-02-15,2018-02-23,Bigg Smoak BBQ Smokehouse & Grill,,,,No DA,No DA,Harassment,,7,13,Transferred to Jennifer,,
243,Larry Stevenson,2018-02-16,2018-02-28,U of M - Central Plant,,,,Closed,Closed,Safe work procedures,,9,12,,,
244,Tom Levich,2018-02-26,2018-04-04,Premier Oilfield Services Ltd.,,,,No DA,No DA,Harassment,,28,37,,,
245,Larry Stevenson,2018-03-01,2018-04-05,Interlake - Eastern RHA - 275,,,,No DA,Closed,"Safety, Fatigue",Referred to MLB and Withdrawn,26,36,,,
246,Chris Beaudry,2018-03-14,2018-03-29,Hi Tech Installations Ltd,78 Duluth Bay,R2J 1W5,Winnipeg,No DA,No DA,Allowing a SHO on site,,12,15,,,
247,Larry Stevenson,2018-04-03,2018-04-20,Wallace & Wallace Fences,,,,No DA,No DA,Harassment,,14,17,,,
248,Deb Sealey,2018-04-04,2018-04-16,Float.Calm,,,,No DA,No DA,Harassment,,9,12,,,
249,Carmen Barros,2018-04-24,2018-05-23,Crown Utilities Ltd,1043 Dugald Road,R3J 0G8,Winnipeg,Closed,Closed,Lay Offs,,22,29,,,
250,Carmen Barros,2018-04-27,2018-05-23,RM of Victoria Beach,900 Portage Ave,R3G 0R4,Winnipeg,Closed,Closed,Harassment,,19,26,,,
251,Victoria Latter,2018-05-31,2018-07-10,Chew Restaurants /,,,,No DA,No DA,Harassment,,29,40,,,
252,Larry Stevenson,2018-06-12,2018-06-29,Marymound Inc,442 Scotia St,R2V 1X4,Winnipeg,No DA,DA,Harassment,Referred to MLB - Overturned at MLB - Found DA,14,17,,,
253,Carmen Barros,2018-06-15,2018-06-26,Saffron's Restaurant,,,,No DA,No DA,Harassment,,8,11,,,
254,Larry Stevenson,2018-06-18,2018-07-10,Impact Security Group Inc,456 Main St Suite 3rd floor,R3C 0B9,Winnipeg,No DA,Closed,No Sitting,Appealed to MLB - Withdrawn,17,22,,,
255,Larry Stevenson,2018-06-28,2018-07-31,Changes Supported Living Services Inc,949 Portage Ave,R3G 0B5,Winnipeg,No DA,No DA,Raising Safety Issues,,24,33,,,
256,Larry Stevenson,2018-07-05,2018-08-20,Vista Medical Ltd,,,,No DA,No DA,Harassment,,33,46,,,
257,Larry Stevenson,2018-08-28,2018-09-17,Smashers Demolition,,,,No DA,No DA,Asbestos,,15,20,,,
258,Victoria Latter,2018-09-04,2018-09-17,Accurate Dorwin Inc.,1535 Seel Ave,R3T 1C6,Winnipeg,Closed,Closed,Harassment,,10,13,,,
259,Victoria Latter,2018-09-06,2018-10-01,Homenko Builders Inc,1200 Redonda St,R2C 2Z2,Winnipeg,No DA,No DA,Being Ill,,18,25,,,
260,Larry Stevenson,2018-09-07,2018-09-27,K-Tec Earthmovers Inc.,NW36-5-1W Pleasant Valley Road,,Rosenort,No DA,No DA,Raising Safety Concerns,,15,20,,,
261,Victoria Latter,2018-09-12,2018-11-02,Metal Depot Ltd,214 De Baets St Suite 1,R2J 3W6,Winnipeg,No DA,No DA,Raising Safety Concerns,,38,51,,,
262,Larry Stevenson,2018-09-20,2018-10-05,Taiga Building Products,,R3B 0A5,Winnipeg,No DA,No DA,Right to Refuse,,12,15,,,
263,Larry Stevenson,2018-09-25,2018-10-03,Fast Brothers Gravel,,,,Closed,Closed,Raising Safety Concerns,,7,8,,,
264,Victoria Latter,2018-09-26,2018-11-13,ProVista Feeds,,,,DA,DA,Harassment,Appealed at Director Level and Affirmed,35,48,,,
265,Larry Stevenson,2018-10-03,2018-10-29,Ironclad Construction,,,,No DA,No DA,Lack of Signage,,19,26,,,
266,Victoria Latter,2018-10-15,2018-10-16,Industrial Rubber Supply Co Ltd,55 Dunlop Ave,R2X 2V2,Winnipeg,Closed,Closed,Raising Safety Concerns,,2,1,,,
267,Larry Stevenson,2018-10-18,2018-10-22,Frontier Construction Ltd,,,,No DA,No DA,Right to Refuse,,3,4,,,
268,Larry Stevenson,2018-10-18,2018-11-09,Matrix Lumber,,,,No DA,No DA,Harassment,,17,22,,,
269,Tom Levich,2018-11-08,2018-11-22,Quarry Hills Excavation and Gravel Ltd,Site 30 Box 36 RR 2,R7A 5Y2,Brandon,No DA,No DA,Raising Safety Concerns,Appealed at Director Level and Affirmed,11,14,,,
270,Tom Levich,2018-11-19,2019-01-21,NCN/Thompson Bus Lines,,,,No DA,No DA,Right to Refuse,,46,63,,,
271,Larry Stevenson,2018-11-20,2018-12-14,Stella's Waverley Commissary,,,,No DA,No DA,Harassment,,19,24,,,
272,Larry Stevenson,2018-11-26,2019-01-03,Aurora Recovery Centre,,,,No DA,No DA,Bullying,Appealed at Director Level (No DA Affirmed) and at MLB,29,38,,,
273,Victoria Latter,2018-11-26,2018-12-18,Bison Janitorial Services,,,,No DA,No DA,Raising Safety Concerns,Appealed at Director Level and Affirmed,17,22,,,
274,Victoria Latter,2018-11-27,2019-01-16,Manitoba Public Insurance,,,,No DA,No DA,Harassment,Appealed at Director Level - Confirmed,37,50,,,
275,Larry Stevenson,2018-11-29,2019-01-09,Comairco,,,,No DA,No DA,Raising Safety Concerns,,30,41,,,
276,Victoria Latter,2018-12-03,2019-01-02,Lanza Towing,,,,No DA,No DA,Right to Refuse,,23,30,,,
277,Larry Stevenson,2018-12-03,2019-01-15,Thermo Design,,,,No DA,No DA,Harassment,,32,43,,,
278,Victoria Latter,2018-12-10,2019-01-07,Manitoba Justice,,,,No DA,No DA,Raising Safety Concerns,,21,28,,,
279,Larry Stevenson,2018-12-19,2019-01-28,Medicure Inc.,,,,No DA,No DA,Harassment,,29,40,,,
280,Victoria Latter,2019-01-29,2019-02-12,Hat Tricks Bar and Grill,,,,No DA,No DA,Harassment,,11,14,,,
282,Victoria Latter,2019-01-29,2019-03-11,Lac du Bonnet Planning District,,,,DA,Closed,Harassment,Appealed at Director Level  and Affirmed. Appealed at MLB - Parties settled,30,41,,,
281,Victoria Latter,2019-01-29,2019-02-12,Howard Johnson Express Hotel,,,,No DA,No DA,Harassment,,11,14,,,
283,Troy Steeves,2019-01-31,2019-02-01,McMunn and Yates,,,,No DA,No DA,Raising Safety Concerns,,2,1,,,
284,Larry Stevenson,2019-02-04,2019-02-28,Gourmet Coffee Specialists,,,,No DA,No DA,Raising Safety Concerns,Appealed at Director Level and Affirmed,19,24,,,
285,Tom Levich,2019-02-06,2019-02-12,Clarion Hotel & Suites Brandon,3130 Victoria Ave E`,,,No DA,No DA,Harassment,,5,6,,,
286,Larry Stevenson,2019-02-13,2019-03-15,Headingley Husky Car/Truck Stop,5141 Portage Ave,R4H 1E1,Winnipeg,No DA,No DA,Smoking ,Appealed at Director Level and Affirmed,23,30,,,
287,Victoria Latter,2019-02-14,2019-03-15,FairFax Community Resources,119 Sherbrook St,,Winnipeg,No DA,No DA,Harassment,,22,29,,,
288,Larry Stevenson,2019-02-25,2019-03-29,Moosehorn Consumers Co-op Ltd,,,,No DA,No DA,Harassment,,25,32,,,
289,Victoria Latter,2019-02-27,2019-03-19,Eden Health Care Services,204 Main Street,R6W 1T4,Winkler,No DA,No DA,Harassment,,15,20,,,
290,Larry Stevenson,2019-03-06,2019-04-25,Winnipeg Condominium Corporation,RR 1,R0C 1B1,Gimli,No DA,No DA,Raising Safety Concerns,,37,50,,,
291,Larry Stevenson,2019-03-22,2019-05-27,Famous Dave's,,,,No DA,No DA,Harassment,,47,66,,,
292,Larry Stevenson,2019-03-28,2019-04-08,Color FX,,,,No DA,No DA,Raising Safety Concerns,,8,11,,,
293,Trent Thompson,2019-04-08,2019-05-08,Toomey Construction,1/4 Mile South of Fraserwood on #7 Hwy,R0C 1A0,,Closed,Closed,Raising Safety Concerns,,23,30,,,
294,Larry Stevenson,2019-04-09,2019-05-29,Chep Canada Inc,2240 Logan Ave,R2R 0J2,Winnipeg,No DA,No DA,Violence,,37,50,,,
295,Tom Levich,2019-04-15,2019-05-09,Dakota Ojibway Child and Family services,,R1N 3B5,Portage La Prairie,No DA,No DA,Harassment,,19,24,,,
296,Trent Thompson,2019-04-15,2019-04-24,Glow Fitness For Women,,,,Closed,Closed,,,8,9,,,
297,Tom Levich,2019-04-15,2019-09-13,Manitoba Families - Winnipeg Child and Family Services,,,,No DA,,Harassment,Appealed at Director Level,110,151,,,
298,Trent Thompson,2019-04-29,2019-05-07,Best Buy - Future Shop,,,,Closed,Closed,Bullying,,7,8,,,
299,Darcel Lecocq,2019-05-08,2019-06-25,Adam & Eve,,,,DA,DA,Raising Safety Concerns,Appealed at Director Level - Order Confirmed,35,48,,,
300,Tim Maughan,2019-05-10,2019-06-11,Advance Paper Box Ltd,307 Archibald St,R2J 0W6,Winnipeg,No DA,No DA,Harassment,,23,32,,,
301,Trent Thompson,2019-05-21,2019-08-01,Fairfield Inn and Suites Marriott,,,,Closed,Closed,Harassment,,53,72,,,
302,Darcel Lecocq,2019-05-23,2019-07-22,WRHA Saint Boniface,,,,No DA,No DA,Equipment Transportation,,43,60,,,
303,Darcel Lecocq,2019-05-24,2019-06-10,Fineline Solutions,290 Garry St,R3C 1H3,Winnipeg,No DA,No DA,Harassment,,12,17,,,
304,Darcel Lecocq,2019-05-28,2019-08-07,Black Cat Wear Parts,71 Railway St,R1A 2A6,Selkirk,No DA,No DA,Right to Refuse,Appealed at Director level and Confirmed,52,71,,,
305,Tim Maughan,2019-05-28,2019-06-27,Steinbach Co-op Gas Bar,,,,DA,DA,Harassment,Appealed at Director Level - Order Confirmed,23,30,,,
306,Tim Maughan,2019-05-29,2019-06-27,Clearview Consumers Co-op Ltd,,,,DA,DA,Harassment,Appealed at Director Level - Order Confirmed,22,29,,,
307,Darcel Lecocq,2019-05-30,2019-07-30,Interlake-Eastern Regional Health Authority,,,,DA,No DA,Harassment,Appealed at Director Level - Order Overturned,44,61,,,
308,Troy Steeves,2019-05-31,2019-09-12,Haywood Concrete Products Ltd,Box 34,R0G 0W0,Haywood,No DA,No DA,Raising Safety Concerns,,75,104,,,
309,Paul Martins,2019-06-04,2019-09-12,Montana's Cookhouse Saloon,665 Empress St,R3G 3P7,Winnipeg,No DA,No DA,Harassment,,73,100,,,
310,Tom Levich,2019-06-05,2019-10-04,Vibe Construction,,,,DA,DA,Fall Protection ,,88,121,,,
311,Troy Steeves,2019-06-10,2019-06-20,Smook Contractors Ltd,101 Hayes Road,R8N 1M3,Thompson,Closed,Closed,Harassment,,9,10,,,
312,Tim Maughan,2019-06-11,2019-07-24,Breathe Easy Eco Solutions,,,,No DA,No DA,Asbestos,,32,43,,,
313,Tim Maughan,2019-06-18,2019-08-01,Nygard International Ltd,1771 Inkster Blvd,R2X 1R3,Winnipeg,No DA,No DA,Right to Refuse,,33,44,,,
314,Tim Maughan,2019-06-27,2019-07-11,AActive Personnel Services Ltd,125 Adelaide St,R3C 2Z4,Winnipeg,Closed,Closed,Right to Refuse,,11,14,,,
315,Darcel Lecocq,2019-06-28,2019-09-17,Shae's Way Cleaning Services,,,,DA,DA,Harassment,,58,81,,,
316,Paul Martins,2019-07-04,2019-10-16,Garden Grove School (Winnipeg School Division),,,,No DA,Closed,Bullying,Appealed at Director Level - Appeal Closed,75,104,,,
317,Darcel Lecocq,2019-07-08,2019-12-04,Action Flooring Design Center Ltd,,,,Suspended Pending Labour Board Decision,,Harassment,,108,149,,,
318,Tim Maughan,2019-07-08,2019-08-12,Greenskeeper Nursery,,,,No DA,No DA,Right to Refuse,,26,35,,,
319,Paul Martins,2019-07-10,2019-09-03,Gerdau Ameristeel Manitoba Metals,,,,No DA,,Lifting Loads,Appealed at Director Level,40,55,,,
321,Tim Maughan,2019-07-11,2019-09-26,Rivard Group,,,,No DA,No DA,Mould ,,56,77,,,
320,Tim Maughan,2019-07-11,2019-07-26,K & D Transitions,,,,Closed,Closed,Harassment,,12,15,,,
322,Trent Thompson,2019-07-17,2019-07-19,Spar-Marathon Roofing Supplies,10A Keenleyside St,R2L 2B9,Winnipeg,Close,,Right to Refuse,,3,2,,,
324,Tom Levich,2019-07-22,2019-08-14,Municipality of Minitonas-Bowsman,311 Main St,R0L 1G0,Minitonas,No DA,,Harassment,Appealed at Director Level - Upheld,18,23,,,
323,Tim Maughan,2019-07-22,2019-12-03,Latino's Market,,,,DA,DA,Lack of PPE,,97,134,,,
325,Tim Maughan,2019-07-25,2019-08-26,Latino's Market,,,,Closed,Closed,Lack of PPE,,23,32,,,
326,Paul Martins,2019-07-26,2019-08-26,Market Force Information Inc.,185 Stradbrook Ave,R3L 0J4,Winnipeg,No DA,No DA,Ceiling Tiles,,22,31,,,
327,Paul Martins,2019-07-31,2019-09-26,Norshel Residential Care,,,,DA,,Harassment,,42,57,,,
328,Paul Martins,2019-08-14,2019-11-05,Life Time Home Care,,,,No DA,No DA,Violence and Harassment,,60,83,,,
329,Paul Martins,2019-08-19,2019-09-05,McDonald's Restaurants - Grant Avenue,,,,Closed,Closed,Failure to Accommodate,,14,17,,,
330,Darcel Lecocq,2019-08-22,2019-09-11,Maq Distributors Ltd. ,,,,Closed,Closed,"Poor Lighting, Ventiliation",,15,20,,,
331,Tim Maughan,2019-08-23,2019-09-25,City of Winnipeg PR 207,,,,DA,No Da,De-Energizing Equipment,,24,33,,,
332,Darcel Lecocq,2019-08-26,2019-10-01,International Alliance Of Theatre Stage Employees Etc,,R3C 2H6,Winnipeg,DA,Closed,Raising Safety Concerns,Appealed at Director Level - Order rescinded,27,36,,,
333,Darcel Lecocq,2019-08-28,2019-09-24,K & D Transitions,,,,Closed,Closed,Bullying,,20,27,,,
334,Tom Levich,2019-08-28,2019-09-04,R3 Innovations Inc. ,,,,Closed,Closed,Chemicals  ,,6,7,,,
335,Darcel Lecocq,2019-08-29,2019-11-18,Nelson River Construction Inc,101 Dawson Road,R2J 0S6,Winnipeg,DA,No DA,Raising Safety Issues,Appealed at Director Level - Overturned,58,81,,,
336,Paul Martins,2019-09-03,2019-09-16,Centennial Gravel and Excavating Ltd. ,,,,Closed,Closed,Violence and Harassment,,10,13,,,
337,Darcel Lecocq,2019-09-06,2019-11-27,Curtis Gordon Motor Hotel,1011 Henderson Hwy,R2K 2M2,Winnipeg,Closed,Closed,Harassment,,59,82,,,
338,Tom Levich,2019-09-09,2019-10-15,Killarney Dental,,,,Closed,Closed,Improper Sterilization,,27,36,,,
339,Paul Martins,2019-09-12,2019-10-31,Interlake Salvage & Recycling Inc,47 Patterson Drive,R0C 2Z0,Stonewall,No DA,No DA,Gravel Equipment,,36,49,,,
340,Paul Martins,2019-09-13,2019-10-31,Buffie Co. Salon and Spa,,,,No DA,DA,Harassment,"Appealed at Director Level - Overturned, Apprealed at MLB",35,48,,,
341,Darcel Lecocq,2019-09-19,2019-10-18,Globeland Construction Ltd,,,,Closed,Closed,Right to Refuse,,22,29,,,
342,Tim Maughan,2019-09-26,2019-09-30,Volcom,,,,Closed,Closed,Harassment,,3,4,,,
343,Paul Martins,2019-10-03,2019-11-06,Impact Security Group Inc,456 Main St Suite 3rd floor,R3C 0B9,Winnipeg,Closed,Closed,Raising Safety Concerns,,25,34,,,
344,Darcel Lecocq,2019-10-04,2019-10-22,Norshel Residential Care,,,,Closed,Closed,Safe Work Procedures,,13,18,,,
345,Paul Martins,2019-10-07,2019-11-28,Penfor Construction 2015 Ltd,10 Elm St,R0A 0C0,Blumenort,DA,,Harassment,Appealed at Director Level,39,52,,,
346,Tom Levich,2019-10-10,2019-11-01,Motor Coach Industries Ltd.,1499 Clarence Ave,R3T 1T5,Winnipeg,DA,No DA,Air Quality ,"Appealed at Director Level - Set Aside, Appealed to MLB",17,22,,,
347,Paul Martins,2019-10-10,2019-11-15,Motor Coach Industries Ltd.,1499 Clarence Ave,R3T 1T5,Winnipeg,DA,No DA,Ergonomics,Appealed at Director Level - Overturned,27,36,,,
348,Troy Steeves,2019-10-21,2019-11-14,MB Liquor and Lotteries - Warehouse - 15 4,,,,Closed,Closed,Harassment,,19,24,,,
349,Tim Maughan,2019-11-05,2019-12-06,Herd North America,2168 Springfield Road,R2C 2Z2,Winnipeg,No DA,Closed,Harassment,MLB Appeal Withdrawn,24,31,,,
350,Tom Levich,2019-11-06,2019-11-20,Canadian Kraft Paper Mill,,,,No DA,No DA,Right to Refuse,,11,14,,,
351,Tim Maughan,2019-11-08,2020-01-21,Sunrise School Division 189,,,,No DA,DA,Raising Safety Concerns,Director Overturned SHO Decision,53,74,,,
352,Tim Maughan,2019-11-12,2020-01-06,Changes Supported Living Services Inc,949 Portage Ave,R3G 0B5,Winnipeg,DA ,DA,Raising Safety Concerns,,40,55,,,
353,Tim Maughan,2019-11-12,2020-01-21,Sunrise School Division 189,,,,No DA,DA,Harassment,Director Overturned SHO Decision,51,70,,,
355,Darcel Lecocq,2019-11-15,2019-11-27,The Nook,43 Sherbrook St,R3C 2B1,Winnipeg,Closed,Closed,Harassment,,9,12,,,
354,Paul Martins,2019-11-15,2020-01-28,Erosion Control Blankets,,,,DA,DA,Air Quality,,53,74,,,
356,Troy Steeves,2019-11-18,2020-01-06,Thompson Golf Club,,,,No DA,No DA,Harassment,,36,49,,,
357,Tim Maughan,2019-11-21,2019-11-25,Agrocorp Processing Ltd.,,,,Closed,Closed,Harassment,,3,4,,,
358,Paul Martins,2019-11-22,2020-01-31,Forensic Psychological Services (FPS),,,,No DA,No DA,Discarding Syringes,,51,70,,,
359,Tim Maughan,2019-11-25,2020-01-29,Macdonald Youth Services,175 Mayfair Ave,R3L 0A1,Winnipeg,No DA,No DA,Harassment,,48,65,,,
361,Paul Martins,2019-11-26,2019-12-11,Jeld-Wen Windows and Doors,550 Munroe Ave,R2L 2A5,Winnipeg,Closed,Closed,Harassment,,12,15,,,
360,Darcel Lecocq,2019-11-26,2020-04-22,Green Brier Inn Winnipeg Inc,1611 Main St,R2V 1Y6,Winnipeg,Closed,Closed,Harassment,,107,148,,,
362,Tim Maughan,2019-11-27,2020-01-06,City of Winnipeg - Community Services,,,,No DA,,Harassment,Referred to MLB,29,40,,,
363,Paul Martins,2019-11-29,2020-02-19,Best Western Plus - Winnipeg Airport,1715 Wellington Ave,R3H 0G1,Winnipeg,No DA,No DA,Violence,,59,82,,,
364,Troy Steeves,2019-12-04,2019-12-16,Unity Trust Box,,,,Closed,Closed,Raising Safety Concerns,,9,12,,,
365,Troy Steeves,2019-12-11,2019-12-17,ASAP Security,8160 Parkhill Drive,L9T 5V7,Toronto,Closed,Closed,Personal Hygiene,,5,6,,,
366,Paul Martins,2019-12-12,2020-01-22,Crown Pipeline Ltd.,,,,No DA,,Harassment,Appealed at Director Level ,30,41,,,
367,Tim Maughan,2019-12-12,2020-01-16,K & D Independent and Supported Living,,,,Closed,Closed,Violence,,26,35,,,
368,Tim Maughan,2019-12-19,2020-02-03,ASH Management,233 Portage Ave Suite 100,R3B 2A7,Winnipeg,No DA,No DA,Harassment,,33,46,,,
369,Tim Maughan,2020-01-06,2020-01-07,Pembina Medical Clinic,,,,Closed,Closed,Harassment,,2,1,,,
370,Tim Maughan,2020-01-20,2020-03-25,Lafarge Canada Inc,185 Dawson Road N,R2J 0S6,Winnipeg,No DA,Closed,Harassment,MLB Withdrawn,48,65,,,
371,Tim Maughan,2020-01-24,2020-01-30,Metal Depot Ltd,214 De Baets St Suite 1,R2J 3W6,Winnipeg,Closed,Closed,Harassment,,5,6,,,
372,Tim Maughan,2020-01-30,2020-02-25,Progressive Machine and Mechanical Service Ltd. ,,,,No DA,No DA,Harassment,,19,26,,,
375,Tim Maughan,2020-02-05,2020-04-27,Shawenim Abinoojii Inc.,,,,DA,DA,Harassment,,59,82,,,
373,Darcel Lecocq,2020-02-05,2020-02-26,Boeing Canada Operations Ltd/Boeing Canada Winnipeg,99 Murray Park Road,R3J 3M6,Winnipeg,Closed,Closed,Harassment,,16,21,,,
374,Darcel Lecocq,2020-02-05,2020-05-06,L.A. Quality Products Ltd.,,,,No DA,,Assault,,66,91,,,
377,Tammis Bruccolieri,2020-02-12,2020-03-23,Capitol Steel Corporation,1355 Saskatchewan Ave,R3H 0Z4,Winnipeg,No DA,No DA,Power Mobile Equipment,,29,40,,,
376,Darcel Lecocq,2020-02-12,2020-05-14,Brake Mobile Wash,,,,DA,No DA,Raising Safety Concerns,Director Overturned ,67,92,,,
378,Tim Maughan,2020-02-12,2020-04-15,Wostco Contractors Inc,40 Clear Springs Road,R5G 1V2,Steinbach,No DA,No DA,MSI,,46,63,,,
379,Tom Levich,2020-02-18,2020-03-12,Daughter on Call,,,,No DA,No DA,Harassment,,18,23,,,
380,Tammis Bruccolieri,2020-02-18,2020-03-24,Wyatt Dowling Insurance Brokers,,,,Closed,Closed,Harassment,,26,35,,,
381,Tom Levich,2020-02-21,2020-03-05,Dwyer's Lucky Dollar,,,,Closed,Closed,Sexual Harassment,,10,13,,,
382,Tammis Bruccolieri,2020-02-26,2020-04-09,Black & McDonald,,,,No DA,No DA,Raising Safety Concerns,,32,43,,,
383,Tim Maughan,2020-02-28,2020-05-07,IATSE Local 856,,,,No DA,,Harassment,Appealed Director Level,50,69,,,
384,Tom Levich,2020-03-06,2020-03-24,Arctic Beverages Ltd,201 Hayes Road,R8N 1N4,Thompson,No DA,No DA,Harassment,Appealed at Director Level,13,18,,,
385,Tammis Bruccolieri,2020-03-17,2020-04-16,IATSE Local 856,,,,No DA,No DA,Right to Refuse,,23,30,,,
386,Tammis Bruccolieri,2020-03-18,2020-03-30,Derrick's Sandblasting & Painting,,,,No DA,No DA,Harassment,Appeal Director Level,9,12,,,
387,Tammis Bruccolieri,2020-03-19,2020-03-30,Everest Cranes,,,,No DA,No DA,Right to Refuse,,8,11,,,
388,Tom Levich,2020-03-24,2020-03-30,MacDon Industries Ltd,680 Moray St,R3J 3S3,Winnipeg,No DA,No DA,Right to Refuse,,5,6,,,
389,Tom Levich,2020-03-24,2020-03-27,Miller Waste Systems,1803 Hekla Ave,R2R 0K3,Winnipeg,No DA,No DA,Raising Safety Issues,,4,3,,,
390,Tim Maughan,2020-03-26,2020-05-28,Capri Motel,1819 Pembina Hwy,R3T 2G6,Winnipeg,Closed,,Harassment,,46,63,,,
391,Tammis Bruccolieri,2020-04-09,2020-04-17,Capri Motel,1819 Pembina Hwy,R3T 2G6,Winnipeg,No DA,No DA,Right to Refuse,,7,8,,,
392,Tammis Bruccolieri,2020-04-09,2020-04-21,Riverview Health Centre,1 Morley Ave,R3L 2P4,Winnipeg,No DA,No DA,Right to Refuse,Apeal Director Level,9,12,,,
393,Tammis Bruccolieri,2020-04-16,2020-05-04,Changes Supported Living Services Inc,949 Portage Ave,R3G 0B5,Winnipeg,No DA,No DA,Right to Refuse,,13,18,,,
394,Tom Levich,2020-04-21,2020-05-19,Keystone Agricultural & Recreational Centre,,,,No DA,No DA,Raising Safety Concerns,Appealed Director Level,21,28,,,
395,Tammis Bruccolieri,2020-05-04,2020-05-05,Inland Technologies Canada Incorporated,Box 253,B2N 0E1,Truro,closed,Closed,COVID 19,,2,1,,,
396,Tammis Bruccolieri,2020-05-06,2020-06-02,Patient Transport Services,,,,No DA,No DA,COVID 19,,20,27,,,
397,Tammis Bruccolieri,2020-05-11,2020-05-26,Dynamic Machine Corporation Ltd,1407 Dugald Road,R2J 0H3,Winnipeg,No DA,No DA,Harassment,,12,15,,,
398,Tammis Bruccolieri,2020-05-27,2020-08-31,Winnipeg Repair Education Cycling Hub,,,,Closed,Closed,Harassment,,69,96,,,
399,Tammis Bruccolieri,2020-06-01,2020-06-25,Accuracy Vital Auto Repair,,,,Closed,Closed,COVID 19,,19,24,,,
400,Tammis Bruccolieri,2020-06-10,2020-06-30,Sobeys,94 7th Ave,R0C 1B0,Gimli,No DA,No DA,Sanatization,Appeal Director Level,15,20,,,
401,Tammis Bruccolieri,2020-06-15,2020-07-09,Delta 9 Bio-Tech,,,,No DA,No DA,Incident,Appeal Director Level,19,24,,,
402,Tammis Bruccolieri,2020-06-19,2020-06-30,Smart Yardcare ,,,,Closed,No DA,,,8,11,,,
403,Tammis Bruccolieri,2020-06-22,2020-07-07,City of Winnpeg,,,,No DA,No DA,Chemical Exposure,,12,15,,,
404,Tammis Bruccolieri,2020-06-26,2020-07-08,L'Avenir Cooperative ,,,,No DA,No DA,Harrassment,,9,12,,,
405,Tammis Bruccolieri,2020-07-03,2020-07-30,Bear Clan Patrol Inc.,,,,DA,DA,Harassment,Appeal Director Level,20,27,,,
406,Tom Levich,2020-07-09,2020-07-15,Cancade Restoration,215 College Ave,R7A 7E2,Brandon,No DA,No DA,PPE/Training,,5,6,,,
407,Tammis Bruccolieri,2020-07-31,2020-11-27,Rae & Jerry's Steakhouse,1405 Portage Ave,R3G 0W1,Winnipeg,No DA,No DA,Harassment,,86,119,,,
408,Tammis Bruccolieri,2020-09-22,2020-11-17,Greendell Park Community Centre Inc,,,,No DA,No DA,Harassment,,41,56,,,
409,Tim Maughan,2020-09-29,2021-01-22,Canadian Gold Beverages (2012) Inc,45137 A 210 Hwy,R0A 0Z0,Marchand,DA,DA,Chemical Equipment,,84,115,,,
410,Tim Maughan,2020-10-30,2020-12-16,Sinewy Construction Ltd.,,,,Closed,Closed,Ladder/other safety concerns,,34,47,,,
411,Tammis Bruccolieri,2020-11-06,2021-02-01,Beausejour Consumer's Coop,,,,No DA,No DA,PPE ,,62,87,,,
412,Tim Maughan,2020-11-12,2021-03-25,Paramed,,,,No DA,No DA,PPE/COVID-19,,96,133,,,
413,Troy Steeves,2020-11-23,,Town of The Pas,81 Edwards Ave,R9A 1K8,The Pas,Closed,Closed,,,, ,,,
414,Jennifer Nakonechny,2020-11-26,2021-02-11,Anderson Janitorial Box,,,,No DA,No DA,,,56,77,,,
415,Tammis Bruccolieri,2020-11-30,2021-02-05,Todd & Sagent,,,,No DA,No DA,Raising multiple Safety Concerns,,50,67,,,
416,Tim Maughan,2020-12-01,2020-12-04,Donna d'Stylist,,,,Closed,Closed,Sexual Harassment,,4,3,,,
417,Troy Steeves,2020-12-01,,Town of The Pas,81 Edwards Ave,R9A 1K8,The Pas,Closed,Closed,,,, ,,,
418,Tammis Bruccolieri,2020-12-03,2021-02-25,MicroTool and Machine Limited,,,,DA,DA,Ventalation,,61,84,,,
419,Tim Maughan,2020-12-08,2020-12-09,Exchange Agency,,,,Closed,Closed,COVID-19,,2,1,,,
420,Tim Maughan,2020-12-16,2021-03-08,St. Matthews Kids Korner,,,,Closed,Closed,COVID-19,,59,82,,,
421,Troy Steeves,2021-01-08,2021-04-16,Hudbay Minerals Inc.,Box 1600,P4N 7W7,Timmins,Closed,DA,Violance,,71,98,,,
422,Tim Maughan,2021-01-14,2021-06-21,City of Winnipeg,510 Main St,R3B 1B9,Winnipeg,No DA,No DA,COVID-19/Harassment,,113,158,,,
423,Tammis Bruccolieri,2021-01-29,2021-02-04,MacDon Industries Ltd,680 Moray St,R3J 3S3,Winnipeg,Closed,Closed,COVID-19/Referal,,5,6,,,
424,Tammis Bruccolieri,2021-02-02,2021-04-14,St Ignatius Parish,255 Stafford St,R3M 2X2,Winnipeg,DA,DA,Harassment,,52,71,,,
425,Tammis Bruccolieri,2021-02-03,2021-04-15,McDonald Youth Services,,,,No DA,No DA,Harassment,,52,71,,,
426,Tim Maughan,2021-02-05,2021-03-09,Convoy Supply Ltd.,8183 130th St,V3W 7X4,Surrey,Closed,Closed,COVID,,23,32,,,
427,Tammis Bruccolieri,2021-02-09,2021-04-12,Can DO People Inc.,,,,No DA,No DA,Heimlich Manoeuvre,,45,62,,,
428,Bill Bage,2021-02-09,2021-06-21,University of Manitobba Student's Union (UMSU),,,,No DA,No DA,Harassment,,95,132,,,
429,Jennifer Nakonechny,2021-02-18,2021-03-23,LaFramboise (Pea Plant Portage),,,,No DA,No DA,Harassment,,24,33,,,
430,Tim Maughan,2021-03-09,,Freedom Cocepts,,,,Closed,Closed,Harassment,,, ,,,
431,Tim Maughan,2021-03-12,,New Directions for Childern,,,,Closed,Closed,PPE/COVID,,, ,,,
432,Jennifer Nakonechny,2021-03-16,,Russel Redi-Mix ,,,,Closed,Closed,Harassment,,, ,,,
433,Jennifer Nakonechny,2021-03-16,2021-05-13,Sobeys Kenaston,,,Winnipeg,No DA,No DA,Harassment,,43,58,,,
434,Jennifer Nakonechny,2021-03-29,,MacDon Industries Ltd,680 Moray St,R3J 3S3,Winnipeg,Closed,Closed,Harassment,,, ,,,
435,Tim Maughan,2021-03-30,2021-05-13,Rancan Fertalizer,,,,No DA,No DA,Harassment,,33,44,,,
436,Jennifer Nakonechny,2021-04-12,2021-05-14,Urbanmine Inc,72 Rothwell Road,R3P 2H7,Winnipeg,Closed,Closed,Right to Refuse,,25,32,,,
437,Jennifer Nakonechny,2021-05-05,2021-07-26,Monarch Industrial Coatings,269 Hespeller St,R0A 2T1,Steinbach,No DA,,Harassment,x,59,82,,,
438,Tammis Bruccolieri,2021-06-08,2021-06-30,Sunshine Maintenance and Landscaping,,,,No DA,,,,17,22,,,
439,Tim Maughan,2021-06-08,2021-06-22,Shoppers Drug Mart,1155 Concordia Ave Suite 100,R2K 2M9,Winnipeg,Closed,,COVID,x,11,14,,,
440,Jennifer Nakonechny,2021-06-09,2021-11-29,Municipality of Minitonas-Bowsman,311 Main St,R0L 1G0,Minitonas,DA,,Harassment,,124,173,,,
441,Tammis Bruccolieri,2021-07-05,2021-09-10,Southern Chiefs Organization,,,,No DA,,Harassment,,50,67,,,
442,Tim Maughan,2021-07-13,2021-11-02,Park West Inn,525 Dale Blvd,R3R 2J8,Winnipeg,No DA,,Sexual Harassment,,81,112,,,
443,Tammis Bruccolieri,2021-07-15,2021-09-13,Buffalo Creek Mills,,,,No DA,,Harassment,,43,60,,,
444,Tammis Bruccolieri,2021-07-23,2022-01-13,March of Dimes Canada,,,,No DA,,Sexual Harassment,,125,174,Termination not connected to safety concern.,,
445,Tim Maughan,2021-07-30,2021-08-24,MMF - Manitoba Metis Fed,,,,Closed,,Harassment/COVID Vaccine,,18,25,Didn't make the def'n of DA ,,
446,Jennifer Nakonechny,2021-08-11,2021-09-23,Hawker's Hauling Ltd,,,,No DA,,,,32,43,,,
447,Tim Maughan,2021-08-18,2021-10-28,Betelstadur Housing Co-op Ltd,,,,Closed,,Harassment,,52,71,Does not meet the def'n,,
448,Jennifer Nakonechny,2021-08-23,2021-09-22,Smitty's Family Restarants,,,,Closed,,,,23,30,Worker didn’t respond back ,,
449,Tammis Bruccolieri,2021-09-03,2021-11-16,Lynn & Liana Resin Serveware,,,,No DA,,,,53,74,,,
450,Tammis Bruccolieri,2021-09-21,2022-01-13,Pembina Valley Humane Society,,,,DA,,,,83,114,,,
451,Tammis Bruccolieri,2021-09-24,2022-01-13,DC Obstetrics and Gynaecology,,,,No DA,,Harassment,,80,111,Termination not connected to safety concern.,,
452,Jennifer Nakonechny,2021-09-27,2021-11-29,North End Community Renewal Corporation,509 Selkirk Ave,R2W 2M6,Winnipeg,No DA,,,,46,63,,,
453,Jennifer Nakonechny,2021-10-04,2021-11-22,Winpak Ltd,100 Saulteaux Cres,R3J 3T3,Winnipeg,DA,,,,36,49,,,
454,Jennifer Nakonechny,2021-10-14,2021-11-24,ACC Students Association,1430 Victoria Ave E,R7A 2A9,Brandon,No DA,,,,30,41,,,
455,Darcel Lecocq,2021-10-20,2021-11-18,Forsyth Hauling (2010) Ltd,off Hwy #2 West end of town,R0M 1S0,Pierson,Closed,,,,22,29,Lack of cooperation ,,
456,Larry Stevenson,2021-11-01,2021-12-23,Pepsico Beverages Canada - Dauphin,5205 Satellite Drive,L4W 5J7,Mississauga,Closed,,Harassment,,39,52,Termination not connected to safety concern.,,
457,Dave Parr,2021-11-02,2021-12-21,BioScision Pharma Inc,,,,Reprisal,,,,36,49,"Determined reprisal occurred - IO's issued, wages ordered to be paid",,
458,Darcel Lecocq,2021-11-02,2021-12-16,Policies and Standards - the grey manual,,,,DA,,,,33,44,,,
459,Jamey McMillian,2021-11-16,2021-11-19,Westfield Industries,1301 Kenaston Blvd,R3P 2P2,Winnipeg,Closed,,,,4,3,Discontinued for attendance issues,,
460,Tyler Mandziuk ,2021-11-22,2021-12-13,Dairi-wip drive,,,,Closed,,Harassment,,16,21,Worker didn’t respond back ,,
461,Larry Stevenson,2021-12-01,2022-01-12,Univesity of Winnipeg - Diversity Food Services,,,,No DA,,Harassment,,31,42,Termination not related to no evidence of harassment.,,
462,Dave Parr,2021-12-07,2022-01-20,Frankie's Italian Kitchen and Bar,,,,Reprisal,,Harassment,,33,44,Determined that termination not related to reporting of harassment,,
463,Jamey McMillian,2021-12-13,2021-12-15,Manitoba Public Insurance,234 Donald St Suite 704,R3C 4A4,Winnipeg,Closed,,Hygiene,,3,2,Did not meet def'n ,Monday,
464,Tyler Mandziuk ,2021-12-14,2021-12-15,Peacepipe Family Wellness,,,,No Reprisal ,,Harassement,,2,1,Not sure if worker was fired,Tuesday,
465,Jamey McMillian,2021-12-15,2021-12-31,Prairie Fleet Services ,,,,Closed,,Housekeeping,,13,16,,Wednesday,
466,Darcel Lecocq,2021-12-20,2022-03-29,Greenfield Mining & Construction,,,,No WR,,"PPE, Unsafe conditions",,72,39,,Monday,
467,Tyler Mandziuk ,2021-12-29,2022-01-04,Dynacare (Brandon Keystone Center),,,,No Reprisal ,,Hygiene,,5,6,"No nexus, Worker raised a safety concern after they were terminated",Wednesday,
468,Larry Stevenson,2021-12-29,2022-03-02,Emterra Group Inc.,6362 148th St,V3S 3C4,Surrey,No Repisal,,Lockout,,46,63,Termination not related to safety concern,Wednesday,
469,Jamy McMillan ,2022-01-13,,EgCon Equipment Inc.,,,,Closed,,Harassment,,, ,,Thursday,
470,Dave Parr,2022-01-31,2022-03-02,Penner Doors & Hardware - Madero Doors & Hardware,405 De Baets St Suite A-B,R2J 3V6,Winnipeg,No reprisal,,Harassment,,23,30,Determined that worker was termiated due to lack of work,Monday,
471,Larry Stevenson,2022-02-02,2022-03-10,`,2554 Portage Ave,R3J 0N8,Winnipeg,No Reprisal,,Covid Concern,,27,36,Termination not related to safety concerns,Wednesday,
472,Tammis Bruccolieri,2022-02-02,2022-02-23,Hylife Foods LP,623 Main St,R0J 1H0,Neepawa,Closed,,Harassment,,16,21,complainant did not respond to request for information by SHO,Wednesday,
473,Jamey McMillian,2022-02-07,2022-02-11,Canadian Tool & Die,,,,Closed  ,,,,5,4,Complainant did not want to seek further ,Monday,
474,Tyler Mandziuk ,2022-02-11,2022-02-11,Rio Property Maintenance Services,177 Lombard Ave Suite 700,R3B 0W5,Winnipeg,Reprisal,,Harassment,,1,1,,Friday,
475,Darcel Lecocq,2022-02-16,2022-03-22,Fisher Ambulance Service Ltd,Lot 32 Peguis Indian Reserve,R0C 3J0,Peguis,No Reprisal,,Harassment,,25,34,MACEY (Complainant) not respondin to request to provide information requested by SHO.,Wednesday,
476,Tammis Bruccolieri,2022-03-01,2022-04-19,Duha Color Services Limited,750 Bradford St,R3H 0N3,Winnipeg,No Reprisal,,"Safety equipment, Harassment",,36,49,job offer withdrawn due to unprofessionalism and aggression towards HR Manager,Tuesday,
477,Tammis Bruccolieri,2022-03-03,2022-05-31,Winnipeg Condominium Corporation #61,,,,No Reprisal,,Unsafe conditions ,,64,89,,,
478,Tammis Bruccolieri,2022-03-04,2022-04-19,Fort Gary Industries ,,,,Closed,,Harassment,,33,46,employee has not provided information regarding harassment,Friday,
479,Larry Stevenson,2022-03-10,2022-04-13,Keller Foundations ,,,,No Reprisal ,,Training,,25,34,Lay off and reduced work hours not related to safety concern,Thursday,
480,Dave Parr,2022-03-10,2022-04-29,Public Meats ,,,,Reprisal,,Safety concern - contacted WSH,,37,50,"Worker contacted WSH with concerns in the workplace. Hrs were reduced, then emplyment was terminated",Thursday,
481,Jamey McMillan,2022-03-14,2022-04-22,Marrbeck Construction Ltd,5 Scurfield Blvd Suite 14,R3Y 1G3,Winnipeg,No reprisal ,,Alcohol Usage,,30,39,,,
482,Tyler Mandziuk ,2022-03-16,2022-04-04,Controlled Environments Limited,,,,Closed,,Unsafe conditions ,,14,19,"Worker advised in an email on April 1, 2022 that he wished to withdraw his complaint of a reprisal, letter was sent to both parties advising of this decision. ",,
483,Darcel Lecocq,2022-03-28,,Child & Family Services,,,,No Reprisal,,Unsafe conditions ,,, ,Worker was transferred to another facility following a violent incident by the hand of a client. Worker did not suffer any losses as a result of the transfer therefore it was not a punitive action,,
484,Dave Parr,2022-03-30,2022-05-02,KJ Construction,,,,Closed,,Unsafe conditions ,,24,33,No response from worker,,
485,Larry Stevenson,2022-04-05,2022-04-20,Exceldor,750 Pandora Ave E,R2C 4Z5,Winnipeg,No Reprisal,,Training,,12,15,Training provided and worker was terminated for inapprooaite behavior in the workplace.,,
486,Jamey McMillan,2022-04-06,2022-08-17,Palomino Club,,,,No Reprisal,,,,96,133,,,
487,Dave Parr,2022-04-13,2022-04-20,Manitoba Ombudsman,500 Portage Ave Suite 750,R3C 3X1,Winnipeg,Closed,,Performing duties of  committee,,6,7,"Action taken did not meet the definition of reprisal - no discpline, nothing added to employee file",,
488,Jennifer Friesen,2022-04-21,2022-05-11,Skip the Dishes Inc,,,,Closed,,Harassment,,15,20,Did not meet the definition of harassment ,,
489,Larry Stevenson,2022-04-25,2022-04-26,Charlie Zubriski- Rental Property ,,,,closed,,Harassment,,2,1,Did not meet harassment definition,,
490,Darcel ,2022-04-27,,Orotech Orodontics ,,,,Closed,,,,,,,,
491,Larry Stevenson,2022-05-03,2022-05-04,Kelowna Flight Craft,,,,Closed,,Harassment,,2,1,Federal regulated workplace,,
492,Tammis Bruccolieri,2022-05-27,2022-06-01,H Baudry (1980) Construction Ltd,Lot 685 305 Hwy E,R0G 1Y0,St Agathe,Closed,,Harassment/Violence,,4,5,Worker made complaint re harassment and violence the day after he was terminated,,
493,Jennifer Friesen ,2022-05-27,2022-05-30,Seven Oaks School Div. ,,,,Closed,,Working Alone,,2,3,Did not meet the definition of reprisal - Employee notified of Layoff/changes to position prior to complaint.,,
494,Dave Parr,2022-06-02,2022-08-29,Kingsman Fireplaces,2340 Logan Ave,R2R 2V3,Winnipeg,No Reprisal,,Harrasment,,63,88,Lay off due to lack of work ,,
496,Darcel Lecocq ,2022-06-10,2022-10-24,RM of St Andrews,,,,Reprisal,,,,97,136,,,
495,Tyler Mandziuk ,2022-06-10,2022-07-21,Forman Mazda,,,,Closed,,Harassment,,30,41,Termination not related to raising the concern of harassment,,
498,Tammis Bruccolieri,2022-07-13,2022-08-12,Pre-Con Builders Ltd;,,,,closed,,harassment/lack of training,,23,30,"No worker response, concern closed",,
497,Jennifer Friesen ,2022-07-13,2022-09-13,RM of Cornwallis,,,,No Reprisal,,Harassment/safety concerns,,45,62,Worker was terminated due to insubordination and inability to take direction,,
499,Larry Stevenson,2022-07-13,2022-08-26,Fun Tyme Foods Ltd.,,,,Reprisal,26-Aug-22,Harassment/Safety Representative,,33,44,Reprisal taken by Employer. Close Nexus in time line,,
500,Dave Parr,2022-07-21,2022-10-11,Motor Coach Industries Ltd.,1499 Clarence Ave,R3T 1T5,Winnipeg,Reprisal,,refused to provide worker w/ ppe,,59,82,,,
501,Dave Parr,2022-07-21,2023-02-22,Rio Property Maintenance Services,177 Lombard Ave Suite 700,R3B 0W5,Winnipeg,Reprisal,,"Unsafe work conditions - harassment, others",,155,216,Employer did not provide evidence and ceased contact with SHO,,
502,Darcel Lecocq ,2022-07-22,2022-08-19,Denver Properties & Restoration Services Inc,,,,No Reprisal,,Unsafe PME,,21,28,,,
503,Bill Bage ,2022-07-25,,The Municipality of Swan Valley West,,,,Closed,,,,, ,,,
504,Trent Thompson ,2022-08-11,,GFL – Liquid Waste Division  ,,,,Closed,,,,, ,,,
505,Bill Bage ,2022-08-12,2022-09-01,OB1 Contractors,,,,No Reprisal ,,,,15,20,,,
506,Jennifer Friesen,2022-08-16,2022-11-10,K-Tec Earthmovers x2 reprisals,,,,No Reprisal ,,Safety Concerns,,63,86,,,
507,Jennifer Friesen ,2022-08-16,2022-11-10,K-Tec Earthmovers  x2,,,,No Reprisal ,,Safety Concerns,,63,86,Worker was terminated due to poor productivity and attendance. ,,
508,Jamey McMillan,2022-08-17,2022-09-27,Family Foods,724 Watt St,R2K 2S9,Winnipeg,No reprisal ,,,,30,41,,,
509,Trent Thompson,2022-08-22,,Future Transfer Co Inc,,,,no reprisal ,,,,, ,,,
510,Bill Bage ,2022-08-23,,ECBVerdol,,,,Closed,,,,, ,they didn’t appeal ,,
511,Jamey Mcmillan,2022-08-26,2023-04-21,Direct Focus Marketing Communications Inc,,,,Closed,,,,171,238,,,
512,Jennifer Friesen,2022-08-29,2022-10-03,Diva Delights,548 King Edward St,R3H 1H8,Winnipeg,Closed,,Harassment,,26,35,Worker could not provide timeline of events & missed 15 shifts which was documented in personnel file.,,
513,Larry Stevenson ,2022-08-31,2022-09-29,Advanced Level Roofing,,,,No reprisal,,Scaffold Safety Concerns,,22,29,Worker terminated for performace issues not related to a safety concern.,,
514,Tyler Mandziuk ,2022-09-02,2022-10-11,Lazy Bear Expeditions ,,,,No reprisal,,Safety Concerns ,,28,39,Worker was terminated due to a physical altercation with another co-worker,,
515,Trent Thompson ,2022-09-02,,Rancho Realty Services (Manitoba) Ltd.,1 Dr. David Friesen Drive,R3X 0G8,Winnipeg,closed,,,,,,never got a hold of the worker ,,
516,Bill Bage ,2022-09-07,2022-10-24,Econo Muffler Auto Centre Auto Glass,1611 Day St,R2C 1E7,Winnipeg,No reprisal ,,,,34,47,,,
517,Dave Parr,2022-09-09,2023-01-18,Dreamcatcher Promotions,,,,closed,,Haraassment,,94,131,,,
518,Darcel Lecocq ,2022-09-13,,Paragon Industries Ltd,1046 Oxford St,,Winnipeg,Closed ,,Harassment/Threat of violence,,, ,,,
519,Jamey McMillan,2022-09-14,2022-09-28,Rockport Commercial Inc.,,,,Closed ,,,,11,14,worker withdrew,,
520,Jeremy Falk ,2022-09-23,2022-10-20,Dairy Queen,,,,No reprisal,,,,20,27,"no response from worker, file closed. ",,
521,Jennifer Friesen,2022-10-14,2022-12-05,True North Sports and Equipment,,,,No reprisal,,Threat of violence ,,37,52,Worker terminated for performance issues not related to safety concerns,,
522,Larry Stevenson,2022-10-21,2022-11-30,Manitoba Metis Federation - The Pas Region,456 Fisher Ave,R9A 1M2,The Pas,No reprisal ,,Policy & Procedures,,29,40,Worker terminated for performace issues not related to a safety concern. ,,
523,Larry Stevenson ,2022-10-25,2022-11-24,Manitoba Metis Federation - The Pas Region,456 Fisher Ave,R9A 1M2,The Pas,No reprisal,,Violence in the workplace,,23,30,Worker terminated for performace issues not related to a safety concern. ,,
524,Tyler Mandziuk ,2022-10-25,,JEM Incorporated ,,,,Closed,,Safety Concerns ,,,,"No worker response, concern closed",,
525,Jeremy Falk ,2022-11-01,2022-11-30,Mukwa-Expert Inc. ,,,,No Reprisal,,Temperature in the Workplace,,22,29,"No Nexus, does not meet the definition of reprisal",,
526,Darcel Lecocq ,2022-11-08,2022-12-16,The Pleasant Plumber Inc,,,,No Reprisal ,,Harassment,,29,38,Worker resigned from employement. ROE supports it. Worker claims it was an error and her physician took her off work.,,
528,Jennifer Friesen ,2022-11-10,2022-11-24,Seltrek Electrical,,,,Closed ,,Harassment/bullying ,,11,14,"No nexus, Does not meet the definition of harassment",,
527,Jamey McMillan ,2022-11-10,2022-12-22,Kaycan Limited,3075 Trans Canada Hwy,H9R 1B4,,No Reprisal,,,,31,42,,,
529,Bill Bage ,2022-11-15,2023-02-03,Westmen Immigrant Service ,,,,Reprisal,,,,59,80,,,
530,Bill Bage ,2022-11-15,2023-02-03,Westmen Immigrant Service ,,,,Reprisal,,,,59,80,,,
531,Bill Bage ,2022-11-15,2023-02-03,Westmen Immigrant Service ,,,,Reprisal,,,,59,80,,,
532,Larry Stevenson ,2022-11-24,2022-12-20,Northern Inn & Steakhouse,,,,No Reprisal,,Harassment ,,19,26,Worker walk off the job.,,
533,Tyler Mandziuk ,2022-11-29,,Maxim Truck & Trailer,1860 Brookside Blvd,R3C 2E6,Winnipeg,No reprisal,,Harassment ,,, ,Employer able to provide evidence that worker was terminated for repeated violations of the company respectful workplace policy ,,
534,Jeremy Falk ,2022-11-29,2023-01-19,Tri Koating Inc,595 Roblin Blvd E,R6W 4A9,Winkler,No Reprisal,,,,38,51,,,
535,Darcel Lecocq ,2022-12-01,2023-01-13,DJN Excavation ,,,,Reprisal,,Unsafe procedure for releasing stuck mud from trailers,,32,44,"Information provided by the employer was sparse, poorly recorder, and conflicting with witness statement",,
536,Jamey McMillan ,2022-12-14,2022-12-22,Color Ad Packaging Ltd,200 Beghin Ave,R2J 3W2,Winnipeg,Reprisal,,,,7,8,,,
537,Jennifer Friesen,2022-12-16,2023-02-01,Financial Administration Manual,,,,No reprisal,,Safety Concern/confined space,,34,47,Worker was laid off due to shortage of work,,
538,Dave Parr,2023-01-24,2023-02-16,Tech Mahindra,,,,Closed,,Diasagreement with manager,,18,23,Worker would not provide inforamtion abou the stated safety concern,,
539,Larry Stevenson ,2023-02-23,2023-03-20,Icon Technologies Ltd,427 Buffalo St,R6W 4B2,Winkler,No Reprisal,,Harassment ,,18,25,Worker did not report safety concern,,
540,David Kuryk,2023-02-23,2023-03-13,Janssen Equipment Repair,,,,Closed,,Safety concern/vaping/fall protection,,13,18,Worker withdrew their allegation of reprisal,,
541,Kerilyn Zielinski,2023-03-14,2023-08-14,Dene Cree Designs,,,,Reprisal,,Harassment ,,110,153,,,
542,Mike Langridge ,2023-03-15,2023-05-03,Twin Motors Ltd,1637 Gordon Ave,R9A 1L1,The Pas,Closed,,Harssment  No Info Provided,,36,49,,,
543,Ralph Shearman ,2023-03-15,2023-04-17,Kinder Corner,,,,Closed,,Harassment ,,24,33,,,
544,Lisa Brown ,2023-03-20,,Speciallaser Tech Inc,165 Cordite Road,R3W 1S1,Winnipeg,Closed,,Training/PPE,,, ,,,
545,Larry Stevenson,2023-03-23,2023-04-17,SRS Signs & Design ,,,,No Reprisal,,Training ,,18,25,,,
546,Tyler Mandziuk ,2023-03-24,2023-05-29,Sunco Foods Ltd,405 Notre Dame Ave,R3B 1R2,Winnipeg,Closed,,Harassment ,,47,66,"Worker withdrew their allegation of repirsal, the worker did not wish to raise a concern of reprisal during the initial call, the worker only wished to have a general inspection completed at the workplace",,
547,David Kuryk,2023-03-30,2023-09-21,Shell ATM,,,,no reprisal,,,,126,175,,,
548,Dena Hunter ,2023-04-13,2023-06-16,Ply Gem ,,,,Closed,,Worker termination due to reasons of on job behavior,worker appealed,47,64,"Employer provided by email information regarding the termination of worker, investigation could not substantiate the workers claim of reprisal",,
549,Jeremy Falk ,2023-05-02,2023-06-14,Barkman Concrete Ltd,152 Brandt St,R0A 2A0,Steinbach,Reprisal,,Right to Refuse - Termination,,32,43,,,
550,Jamey McMIllan ,2023-05-19,,Northwest Company (Gibralter House) ,,,,Closed,,,,, ,,,
551,Kerilyn Zielinski,2023-05-31,2023-10-11,OB1 Contracting Ltd.,,,,No Reprisal ,,Terminated after raising safety concern,,96,133,"Worker dismissed due to a shortage of work; also insubordination, behaviour",,
552,Mike Langridge ,2023-06-05,2023-06-25,"Sunbelt Rentals, Winnipeg",,,,No Reprisal,Reprisal dismissed,Termination Without Cause,Complete,14,20,Worker dismissed for reasons other than complaint,,
553,Tyler Mandziuk ,2023-06-14,2023-07-10,Bayview Construction Ltd,4154 McGillivray Blvd,,Winnipeg,Closed,,Termination Without Cause,,19,26,Worker withdrew their allegation of reprisal. ,,
554,Darcel Lecocq ,2023-06-19,2023-07-11,L Chabot Enterprises Ltd.,25002 Hazelridge Road,,Oak Bank,No Reprisal,,Violence,,17,22,,,
555,Dena Hunter ,2023-06-27,2024-01-16,Municipality of Thompson,,,,Reprisal,,"Raised safety concerns no worker supervision, working alone",,147,203,Interviews captured on network drive,,
556,Ralph Shearman ,2023-06-28,2023-12-14,Frontier School Division,30 Speers Road,R2J 1L9,Winnipeg,No reprisal,,,,122,169,,,
557,Lisa Browne ,2023-06-30,2023-07-20,Neustar Manufacturing Inc,1470 Willson Place,R3T 3N9,Winnipeg,No Reprisal,,,,15,20,,,
558,Jeremy Falk ,2023-07-11,2023-07-19,Homestead South,,,,Closed,,,,7,8,Worker withdrew their reprisal complaint. ,,
559,David Kuryk,2023-07-17,,Wintec Building Services,56 Myrtle St,R3E 2R3,Winnipeg,No Reprisal,,Did not respond to request for info,,,117,,,
560,Jamey McMillan ,2023-07-25,2023-09-18,Sigfusson Northern LTD.,,,,Closed,,,,40,55,,,
562,Darcel Lecocq ,2023-07-28,,Canadian Corps of Commissionaires,290 Burnell St,R3G 2A7,Winnipeg,No Reprisal,,Excessive thermal conditions,,, ,,,
561,Kelly Wiebe ,2023-07-28,2023-09-01,United Wholesale Unlimited,,,,Reprisal,,Harassment,,26,35,,,
563,Dena Hunter ,2023-08-03,2023-09-11,Quick Transport Ltd.,,,,Closed,,Unable to contact worker after multiple attempts,file closed,28,39,Unable to contact worker after multiple attempts,,
564,Mike Langridge ,2023-08-09,,Capitol Ford,,,,Closed,,42 (h),,, ,,,
565,Kerilyn Zielinski,2023-08-17,2024-09-20,Rakowski Recycling ,,,,Closed,,Worker claimed he was terminated after refusing unsafe work ,,287,400,,,
566,Lisa Browne ,2023-08-22,2023-09-14,Randall Homes Ltd,80 St Annes Road,R2M 2Y7,Winnipeg,Closed ,,,,18,23,,,
567,Kelly Wiebe ,2023-08-25,,Perfect Delivery Canada Corp,,,,No Reprisal ,,"Wasn't a S&H concern, was a food handlers certificate under PH",,, ,Worker was a problem employee & aggressive with his supervisor.,,
568,Kerilyn Zielinski,2023-08-30,2024-09-02,Southwood Golf and Country Club,,,,Closed ,,Harassment ,,264,369,,,
569,Darcel Lecocq,2023-09-08,2023-10-11,McDonalds (Portage La Prairie) ,,,Portage La Prairie,No Reprisal,,E'er provide substansive discipline Hx leadfing up to termination of employment,,24,33,,,
570,Mike Langridge ,2023-09-12,,Red Apple Store ,,,,Closed,,,,, ,,,
571,Dave Parr,2023-09-29,,Penn-Co Construction Canada (2003) Ltd,,,Blumenort,Closed ,,Incorrect equipment being used,,,32,Worker has not responded to repeated requests for an interview or to provide further information.,,
572,Tyler Mandziuk ,2023-10-05,,Robins Dounuts,,,,Closed,,Harassment,,, ,Complaint does not meet the definition of reprisal ,,
573,Jeremy Falk /Jennifer Friesen,2023-10-16,2024-01-03,Chicken Chef,,,Carman,Closed ,,Harassment,,58,79,Amicable Resolution btw employer and worker,,
574,Mike Langridge ,2023-10-18,,The Pas Dental Clinic,,,,Closed,,,,, ,,,
575,Jamey McMillan,2023-10-19,,Bigway Foods (Teulon),,,,Closed,,,,, ,,,
576,Jennifer Friesen,2023-10-26,2023-11-10,Qualico (Commercial Division),5716 1st St SE Suite 100,T2H 1H8,Calgary,Closed,,Harassment/Discrimination,,12,15,,,
577,Dena Hunter ,2023-11-08,2023-12-19,Blue Star Construction Ltd.,,,,Reprisal,,Raised safety concern asbestos,no appeal,24,41,Employer paid decision,,
578,Lisa Browne ,2023-11-24,2024-04-09,EnviroDoctors Inc,,,,Closed,,Violence in the workplace,,98,137,,,
579,Kelly Wiebe ,2023-11-27,2024-01-04,Black Tie Cannabis ,,,,No Reprisal,,Harassment,,29,38,,,
580,Dave Parr,2023-12-01,,Crown Utilities Ltd,1043 Dugald Road,R3J 0G8,Winnipeg,No Reprisal,,Raised safety concern (no locates prior to drilling),,, ,Other reeasons for lay off,,
581,Jeremy Falk ,2023-12-04,2024-01-03,Reliance Products LP,1093 Sherwin Road,R3H 1A4,Winnipeg,Closed,,,,23,30,"Worker stopped participating in the investigation, would not provide requested information. File closed.",,
582,Claudio Carvalho ,2023-12-05,,Reliable Tire Recycling,1450 Dublin Ave,R3E 3K1,Winnipeg,Closed,,,,, ,Worker has not responded to numeours attemts to obtain infromation.,,
583,Kerry Baldwin ,2023-12-06,,Nova Star Refrigeration,,,,Closed,,,,, ,,,
584,Darcel Lecocq,2023-12-07,2023-12-29,Fairfield Inn and Suites Marriott,,,,Closed,,Raised concern of no band-aids resulting in termination,,17,22,Worker has not responded to numeours attemts to obtain infromation.,,
585,Lisa Browne ,2023-12-08,2024-01-16,Reliable Tire Recycling,1450 Dublin Ave,R3E 3K1,Winnipeg,Closed,,,,28,39,,,
586,Ralph Shearman ,2023-12-12,,Contempra Signs Ltd,407 Mcdermot Ave,R3A 0A8,Winnipeg,Closed,,,,, ,,,
587,Olu Fadare,2024-01-02,2024-05-13,Volkswagen on Regent - Birchwood,,,,Reprisal ,,Safety Concerns,,95,132,,,
588,David Kuryk,2024-01-05,,MSBI,,,,closed,,Fall protecton,,, ,Other reasons for worker's termination.,,
589,Kelly Wiebe ,2024-01-08,2024-01-31,Boyd Autobody,120 King Edward St E,R3H 0N8,Winnipeg,No Reprisal,,Harassment,,18,23,Worker indicated that the file could be closed. Closed in consultation with SHO Chivers.,,
590,Dave Parr,2024-01-16,,Penn-Co Construction Canada (2003) Ltd,,,Blumenort,Closed,,Unsafe worksite,,, ,Did not meet the definition of reprisal,,
591,Tyler Mandziuk ,2024-01-18,,People Corporation ,,,,Closed,,,,, ,,,
592,Darcel Lecocq ,2024-01-20,,Southwood Dental Centre ,,,,No reprisal,,,,,,,,
594,Claudio Carvalho ,2024-01-24,,L'Arche Winnipeg,118 Regent Ave E,R2C 0C1,Winnipeg,Closed,,,,, ,,,
593,Jeremy Falk ,2024-01-24,,Pet Valu - Brandon,,,,Closed,,,,, ,,,
595,Kerry Baldwin ,2024-01-31,,Red Top Drive Inn Restaurant,219 St Mary's Road,R2H 1J2,Winnipeg,Closed,,,,, ,,,
596,Darcel Lecocq ,2024-02-12,2024-02-22,Summer Shack Drive Inn Restaurant - CARBERRY,,,,No reprisal/No Investigation,,,,9,10,,,
597,Ralph Sherman ,2024-02-14,,Future Transfer Co Inc,,,,Open,,,,, ,,,
598,Tyler Mandziuk ,2024-03-04,,Sobey's Birds Hill ,,,,Closed,,Sexual harssment - calling WSH ,,, ,No reprisal ,,
599,David Kuryk,2024-03-06,,Green Drop Lawns Ltd,1141 Keewatin St,R2X 2Z3,Winnipeg,Closed,,Unsafe work practices,,, ,,,
600,Dena Hunter ,2024-03-07,,Super Thrifty (Carberry),,,,Closed,,,,, ,,,
602,Jeremy Falk ,2024-03-11,,Anavets Assiniboia,,,,Closed,,,,, ,,,
601,Jennifer Friesen,2024-03-11,2024-05-31,Manitoba Agriculture Service Corp,,,,No Reprisal ,,Safety Concerns,,60,81,"No reprisal. Worker terminated during probation for high claim costs, disruptive workplace behaviours and complaints from colleagues and clients.",,
603,Lisa Browne ,2024-03-11,2024-06-04,Rhino Linings of Winnipeg,,,,Reprisal,,raised safety concerns,employer appealed,62,85,,,
604,Jennifer Nakonechny,2024-03-22,,Sushi Kuni,,,,Closed,,,,, ,,,
605,Dave Parr,2024-05-01,2024-09-02,Elmer's Manufacturing,,,,No reprisal ,,Sexual harassment - reporting to WSH and employer; nut allergy,,89,87,,,
606,Darcel Lecocq,2024-05-14,2024-06-17,Russell Redi-Mix,,,,Closed,,Worker raised concerns with WSH after employment was terminated,,25,34,No Nexus/No Investigation,,
607,Claudio Carvalho ,2024-05-17,,Royal Punjabi Restaurant and Caterers,,,,Open,,,,, ,,,
608,Ralph Sherman ,2024-05-21,,Thorwin Properties,,,,Open,,,,, ,,,
609,Kelly Wiebe ,2024-05-25,2024-06-11,Fabricland,1450 Castlefield Ave,M6M 1Y6,Toronto,Closed,,Raised harassment concern,,12,17,No reprisal/No Investigation,,
610,Jennifer Friesen,2024-06-03,2024-06-12,Randstad,,,,Closed,,Safety Concern,,8,9,No reprisal/No Investigation,,
611,Lisa Browne ,2024-06-03,2024-06-25,Tache Pharmacy,400 Tache Ave,R2H 3C3,Winnipeg,No reprisal,,Raised safety concern,,17,22,,,
612,Dena Hunter ,2024-06-03,,Frontier Supply Chain Solutions Inc,88 Fennell St,R3T 3M4,Winnipeg,Closed,,,,, ,,,
613,Tyler Mandziuk ,2024-06-04,2024-08-15,Home First Winnipeg Inc,,,,No reprisal,,Raised concern of violence,,53,72,No reprisal ,,
614,Jeremy Falk ,2024-06-06,,Manitou House,,,,Closed,,,,, ,,,
615,Claudio Carvalho ,2024-06-18,,Manitoba Inuit Association ,,,,Closed,,,,, ,,,
616,Claudio Carvalho ,2024-06-18,,Manitoba Inuit Association ,,,,Closed,,,,, ,,,
617,Olu Fadare ,2024-06-26,2024-07-25,Olympic Building Centre,,,,No Inestigation,,Safety Concerns,,22,29,Worker does not wish to pursue his complaint further ,,
618,David Kuryk,2024-07-25,,Kitchen North ,,,,Closed ,,Company no longer in business,,, ,,,
619,Kelly Wiebe,2024-07-29,2024-08-22,Canad Inns,930 Jefferson Ave Suite 3,R2P 1W1,Winnipeg,No reprisal,,Raised safety concern,,19,24,,,
620,Jennifer Friesen,2024-07-29,2024-10-15,Thompson Ford Sales Ltd,15 station Road,R8N 0N6,Thompson,No reprisal ,,Harassment,,57,78,No reprisal ,,
621,Lisa Browne ,2024-08-01,2024-08-12,True North Sports & Entertainment Ltd,260 Hargrave St,,Winnipeg,Closed/no investigation,,Harassment,,8,11,,,
622,Tyler Mandziuk ,2024-08-12,2024-09-16,The Toad in The Hole Pub,112 Osborne St Suite 110,R3L 1Y5,Winnipeg,Closed,,Harassment ,,26,35,Email address and phone number did not work. Unable to contact worker. Will reopen if worker contacts WSH,,
623,Dave Parr,2024-08-12,2024-09-04,Boundary Co-Op,,,,Closed,,Harassment,,18,23,,,
624,Jeremy Falk ,2024-08-20,,City of Brandon Transit ,,,,Closed,,,,, ,,,
625,Kelly Wiebe ,2024-08-27,2024-09-23,Krispy Kreme,,,,No reprisal,,Harassment,,20,27,,,
626,Jennifer Friesen,2024-09-03,2024-10-28,Obsidian Marketing ,,,,No reprisal ,,Harassment,,40,55,,,
627,Olu Fadare ,2024-09-04,2024-10-28,Park N' Fly ,,,,No Inestigation,,Safety Concerns,,39,54,Worker stated that the Union has commenced the investigation and does not wish to continue with WSH.,,
628,Dena Hunter ,2024-09-13,,WS Machining and Fabrication Inc,49 Life Sciences Parkway,R5G 2G7,Steinbach,Closed,,,,, ,,,
629,Lisa Browne ,2024-09-19,2024-10-01,Manitoba Teachers Society ,,,,Closed/no investigation,,Denied position due to grievences,,9,12,,,
630,Dave Parr,2024-09-23,2024-12-24,Home Depot - Empress St. ,,,,Closed,,Harassment,,67,92,Worker did not respond to request for further documentation. ,,
631,Tyler Mandziuk ,2024-09-26,2024-12-03,Vertical Staffing Resources,,,,No reprisal ,,Safety Concern ,,49,68,,,
632,Olu Fadare ,2024-10-23,2025-01-06,TNT Tree Services Ltd.,,,,No Reprisal,,Safety Concerns,,54,75,,,
633,Allyson Hetland ,2024-11-07,2025-01-17,North Forge Technology Exchange,,,,Closed,,Safety Concerns ,,52,71,,,
634,John Cacayuran ,2024-11-08,2025-02-10,RM of Lakeshore,,,,Reprisal,,Safety Concerns ,,67,94,,,
635,Darcel Lecocq ,2024-11-08,2025-01-10,Gota Go Portable Toilet Rentals,,,,No Reprisal,,General Safety Issues,,46,62,,,
636,Claudio Carvalho ,2024-11-12,,Jim Gathier Collision Centre ,,,,Closed,,,,, ,,,
637,Kerilyn Zielinski,2024-11-18,2024-12-27,NRPD - Nirapod Logistics Ltd ,,,,No reprisal,,,,30,39,,,
638,Jennifer Friesen,2024-11-21,2024-12-03,Mainstreet Equity Corp,,,,Closed/no investigation,,Harassment,,9,12,Does not meet definition of harassment,,
639,Lisa Browne ,2024-11-21,2024-11-27,Colliers Project Leaders,,,,Worker closed,,Harassment,,5,6,,,
640,Allyson Hetland ,2024-12-02,,Penn-Co Construction Canada (2003) Ltd,,,Blumenort,No reprisal,,Harassment,,, ,,,
641,Olu Fadare ,2024-12-07,2025-01-24,Bison Medical,,,,No Reprisal,,Reduction in Work hours ,,35,48,Did not meet the defination of Reprisal ,,
642,Olu Fadare ,2024-12-23,2025-01-18,Lousi Riel School Division,,,,Reprisal ,,Safety Concerns,,20,26,,,
643,Olu Fadare ,2025-01-06,,Maple Leaf Consumer Foods Inc,6895 Financial Drive,L5N 0A1,Mississauga,Open,,,,, ,,,
644,Olu Fadare ,2025-01-10,2025-01-24,Maple Leaf Agri-Farms Inc.,246 Main St,R0A 0X0,Landmark,No Investigation ,,Safety Concerns,,11,14,Worker did not respond ,,
645,John Cacayuran ,2025-01-16,2025-03-13,Hay Decorating 1972 Company Ltd,Box 367,R1N 3B7,Portage La Prairie,No reprisal ,,Not knowing safe work procedures ,,41,56,,,
646,Allyson Hetland ,2025-01-30,,Bothar Group,,,,No reprisal,,Contact from PME (no injury),,,,Worker terminated following notifying employer of harassment in workplace. ,,
647,Darcel Lecocq,2025-02-04,2025-02-14,Cross Country Manufacturing,418 South Railway St S Suite 2,R6M 2G2,Morden,"Closed, no investigation",,,,9,26,"Fired due to police officer telling employer of workers disrespectful behaviour, about 3 weeks after harassment meeting held.",,
648,Jennifer Friesen,2025-02-04,2025-04-29,DMC Mining,,,,Reprisal ,,Threats of Violence,,61,84,,,
649,Kerilyn Zielinski,2025-02-10,2025-05-08,Karen Stevenson ,,,,No reprisal ,,Harassment ,,64,87,,,
650,Wright Tree Service ,2025-02-10,,Wright Tree Service ,,,,Open,,,,,42,Individual claiming reprisal is a contractor. ,,
651,Claudio Carvalho ,2025-02-12,,Arbor Memorial/Chapel Lawn,,,,Open,,,,, ,,,
652,Kelly Wiebe ,2025-02-14,2025-03-12,Simaril Inc,321 McDermot Ave Suite 402,R3A 0A3,Winnipeg,"Closed, no investigation",,Harassment,,19,26,,,
653,Allyson Hetland ,2025-03-17,2025-04-28,Shine Dental,,,,"Closed, no investigation, contractor",,Investigation of Harassment ,,31,42,,,
654,Allyson Hetland ,2025-03-17,,Shine Dental,,,,Open,,Investigation of Harassment,,,,,,
655,Allyson Hetland ,2025-03-17,,Shine Dental,,,,Open,,Investigation of Harassment,,,,,,
656,Allyson Hetland ,2025-03-19,,Chuck's Roadhouse Bar & Grill ,,,,Closed - no investigation,,Harassment,,, ,Worker stated they were to busy to have time to provide any information to SHO for the reprisal. ,,
657,Olu Fadrae ,2025-03-25,,"Surplus Direct Furniture,",,,,Open,,,,, ,,,
658,Olu Fadare ,2025-03-26,2025-04-15,"Surplus Direct Furniture,",,,,No Investigation ,,Harrasement ,,15,20,,,
659,Darcel Lecocq ,2025-04-29,2025-05-23,Travelodge Winnipeg East,20 Alpine Ave,R2M 0Y5,Winnipeg,Closed - No Investigation,,,,19,24,,,
660,Claudio Carvalho ,2025-05-01,,Princess Auto Ltd,475 Panet Road,R3C 2W7,Winnipeg,Open,,,,, ,,,
661,Lisa Browne ,2025-05-02,,Muddruckers,,,,Open,,,,,,,,
662,Tyler Mandziuk ,2025-05-06,2025-05-22,Bimbo Canada,1345 Waverley St Suite 300,R3T 5Y7,Winnipeg,Closed - No Reprisal,,Co-worker driving too fast,,13,16,Worker was terminated after assaulting a co-worker,,
663,Kelly Wiebe,2025-05-14,,St. Louis Bar & Grill,,,,Open,,Harassment,,,,,,
664,Dave Parr,2025-05-22,,Above All roofing and exteriors,1149 St Matthews Ave,R3G 0J8,Winnipeg,Open,,Harassment,,, ,,,
665,Darcel Lecocq,2025-05-28,,RM of Brenda-Waskada,,,,Open,,,,, ,,,
666,Tyler Mandziuk ,2025-06-02,2025-06-06,Awasis Agency Of Northern Manitoba,701 Thompson Drive Suite 100,R8N 2A2,Thompson,Closed,,Violence,,5,4,"Worker stated that there was no negative action taken against them, they wanted a general inspection not a reprisal investigation ",,
667,Kelly Wiebe,2025-06-03,,Major Drilling Group International Inc,180 Cree Cres,R3J 3W1,Winnipeg,Open,,Harassment,,, ,,,
668,Jennifer Friesen,2025-06-19,,Bee-Clean Building Maintenance,375 Nairn Ave,R2L 0W8,Winnipeg,,,,,, ,,,
669,Tyler Mandziuk ,2025-12-13,,Municipality of Russell Binscarth,178 Main St N,R0J 1W0,Russell,Open,,,,,56,,,
